-- phpMyAdmin SQL Dump
-- version 4.0.10deb1
-- http://www.phpmyadmin.net
--
-- Host: 127.0.0.1
-- Generation Time: Aug 09, 2016 at 06:45 PM
-- Server version: 5.5.49-0ubuntu0.14.04.1
-- PHP Version: 5.5.9-1ubuntu4.17

SET SQL_MODE = "NO_AUTO_VALUE_ON_ZERO";
SET time_zone = "+00:00";


/*!40101 SET @OLD_CHARACTER_SET_CLIENT=@@CHARACTER_SET_CLIENT */;
/*!40101 SET @OLD_CHARACTER_SET_RESULTS=@@CHARACTER_SET_RESULTS */;
/*!40101 SET @OLD_COLLATION_CONNECTION=@@COLLATION_CONNECTION */;
/*!40101 SET NAMES utf8 */;

--
-- Database: `webkingo_kingofthehill`
--

-- --------------------------------------------------------

--
-- Table structure for table `kh_authorize_group`
--

CREATE TABLE IF NOT EXISTS `kh_authorize_group` (
  `id` int(10) unsigned NOT NULL AUTO_INCREMENT,
  `group_id` int(11) NOT NULL,
  `hook` varchar(200) NOT NULL COMMENT 'A code that references a specific action or URI that the group has access to.',
  `conditions` text NOT NULL COMMENT 'The conditions under which members of this group have access to this hook.',
  PRIMARY KEY (`id`)
) ENGINE=InnoDB  DEFAULT CHARSET=utf8 AUTO_INCREMENT=23 ;

--
-- Dumping data for table `kh_authorize_group`
--

INSERT INTO `kh_authorize_group` (`id`, `group_id`, `hook`, `conditions`) VALUES
(1, 1, 'uri_dashboard', 'always()'),
(2, 2, 'uri_dashboard', 'always()'),
(3, 2, 'uri_users', 'always()'),
(4, 1, 'uri_account_settings', 'always()'),
(5, 1, 'update_account_setting', 'equals(self.id, user.id)&&in(property,["email","locale","password"])'),
(6, 2, 'update_account_setting', 'in(property,["email","display_name","title","locale","enabled"])'),
(7, 2, 'view_account_setting', 'in(property,["user_name","email","display_name","title","locale","enabled","groups","primary_group_id"])'),
(8, 2, 'delete_account', '!in_group(user.id,2)'),
(9, 2, 'create_account', 'always()'),
(10, 1, 'uri_players', 'always()'),
(11, 1, 'view_players', 'in_group(self.id,2)'),
(12, 1, 'create_player', '!in_group(self.id,2)&&in(property,["player_name"])'),
(13, 1, 'create_account', 'always()'),
(14, 1, 'update_player_setting', 'equals(self.id, user.primary_user_id)&&in(property,["player_name"])'),
(15, 2, 'update_player_setting', 'in(property,["player_name"])'),
(16, 1, 'uri_game', 'always()'),
(17, 1, 'update_player_picked_setting', 'in(property,["team_id"])'),
(18, 2, 'update_player_picked_setting', 'in(property,["team_id"])'),
(19, 2, 'uri_rankings', 'always()'),
(20, 2, 'update_game_schedule_setting', 'in(property,["winner"])'),
(22, 2, 'uri_stats', 'always()');

-- --------------------------------------------------------

--
-- Table structure for table `kh_authorize_user`
--

CREATE TABLE IF NOT EXISTS `kh_authorize_user` (
  `id` int(10) unsigned NOT NULL AUTO_INCREMENT,
  `user_id` int(11) NOT NULL,
  `hook` varchar(200) NOT NULL COMMENT 'A code that references a specific action or URI that the user has access to.',
  `conditions` text NOT NULL COMMENT 'The conditions under which the user has access to this action.',
  PRIMARY KEY (`id`)
) ENGINE=InnoDB DEFAULT CHARSET=utf8 AUTO_INCREMENT=1 ;

-- --------------------------------------------------------

--
-- Table structure for table `kh_configuration`
--

CREATE TABLE IF NOT EXISTS `kh_configuration` (
  `id` int(10) unsigned NOT NULL AUTO_INCREMENT,
  `plugin` varchar(50) NOT NULL COMMENT 'The name of the plugin that manages this setting (set to ''userfrosting'' for core settings)',
  `name` varchar(150) NOT NULL COMMENT 'The name of the setting.',
  `value` longtext NOT NULL COMMENT 'The current value of the setting.',
  `description` text NOT NULL COMMENT 'A brief description of this setting.',
  PRIMARY KEY (`id`)
) ENGINE=InnoDB  DEFAULT CHARSET=utf8 COMMENT='A configuration table, mapping global configuration options to their values.' AUTO_INCREMENT=18 ;

--
-- Dumping data for table `kh_configuration`
--

INSERT INTO `kh_configuration` (`id`, `plugin`, `name`, `value`, `description`) VALUES
(1, 'userfrosting', 'site_title', 'King of the Hill', 'The title of the site.  By default, displayed in the title tag, as well as the upper left corner of every user page.'),
(2, 'userfrosting', 'admin_email', 'kmredo@gmail.com', 'The administrative email for the site.  Automated emails, such as activation emails and password reset links, will come from this address.'),
(3, 'userfrosting', 'email_login', '1', 'Specify whether users can login via email address or username instead of just username.'),
(4, 'userfrosting', 'can_register', '1', 'Specify whether public registration of new accounts is enabled.  Enable if you have a service that users can sign up for, disable if you only want accounts to be created by you or an admin.'),
(5, 'userfrosting', 'enable_captcha', '1', 'Specify whether new users must complete a captcha code when registering for an account.'),
(6, 'userfrosting', 'require_activation', '1', 'Specify whether email activation is required for newly registered accounts.  Accounts created on the admin side never need to be activated.'),
(7, 'userfrosting', 'resend_activation_threshold', '0', 'The time, in seconds, that a user must wait before requesting that the activation email be resent.'),
(8, 'userfrosting', 'reset_password_timeout', '10800', 'The time, in seconds, before a user''s password reminder email expires.'),
(9, 'userfrosting', 'default_locale', 'en_US', 'The default language for newly registered users.'),
(10, 'userfrosting', 'minify_css', '0', 'Specify whether to use concatenated, minified CSS (production) or raw CSS includes (dev).'),
(11, 'userfrosting', 'minify_js', '0', 'Specify whether to use concatenated, minified JS (production) or raw JS includes (dev).'),
(12, 'userfrosting', 'version', '0.3.0', 'The current version of UserFrosting.'),
(13, 'userfrosting', 'author', 'Keith Redo', 'The author of the site.  Will be used in the site''s author meta tag.'),
(14, 'userfrosting', 'show_terms_on_register', '1', 'Specify whether or not to show terms and conditions when registering.'),
(15, 'userfrosting', 'site_location', 'New York', 'The nation or state in which legal jurisdiction for this site falls.'),
(16, 'userfrosting', 'install_status', 'complete', ''),
(17, 'userfrosting', 'root_account_config_token', '', '');

-- --------------------------------------------------------

--
-- Table structure for table `kh_game_schedule`
--

CREATE TABLE IF NOT EXISTS `kh_game_schedule` (
  `id` int(11) NOT NULL AUTO_INCREMENT,
  `game_id` int(11) NOT NULL,
  `game_week` int(11) NOT NULL,
  `game_date` datetime NOT NULL,
  `away_team` varchar(75) CHARACTER SET utf8 NOT NULL,
  `home_team` varchar(75) CHARACTER SET utf8 NOT NULL,
  `game_time_et` varchar(50) NOT NULL,
  `tv_station` varchar(25) CHARACTER SET utf8 NOT NULL,
  `winner` varchar(75) CHARACTER SET utf8 NOT NULL,
  `winner_team_id` int(11) NOT NULL,
  `loser_team_id` int(11) NOT NULL DEFAULT '0',
  PRIMARY KEY (`id`)
) ENGINE=InnoDB  DEFAULT CHARSET=latin1 AUTO_INCREMENT=513 ;

--
-- Dumping data for table `kh_game_schedule`
--

INSERT INTO `kh_game_schedule` (`id`, `game_id`, `game_week`, `game_date`, `away_team`, `home_team`, `game_time_et`, `tv_station`, `winner`, `winner_team_id`, `loser_team_id`) VALUES
(257, 1, 1, '2016-09-08 00:00:00', 'CAR', 'DEN', '8:30 PM', 'NBC', '', 0, 0),
(258, 2, 1, '2016-09-11 00:00:00', 'GB', 'JAC', '1:00 PM', 'FOX', '', 0, 0),
(259, 3, 1, '2016-09-11 00:00:00', 'BUF', 'BAL', '1:00 PM', 'CBS', '', 0, 0),
(260, 4, 1, '2016-09-11 00:00:00', 'CHI', 'HOU', '1:00 PM', 'FOX', '', 0, 0),
(261, 5, 1, '2016-09-11 00:00:00', 'CLE', 'PHI', '1:00 PM', 'CBS', '', 0, 0),
(262, 6, 1, '2016-09-11 00:00:00', 'TB', 'ATL', '1:00 PM', 'FOX', '', 0, 0),
(263, 7, 1, '2016-09-11 00:00:00', 'MIN', 'TEN', '1:00 PM', 'FOX', '', 0, 0),
(264, 8, 1, '2016-09-11 00:00:00', 'CIN', 'NYJ', '1:00 PM', 'CBS', '', 0, 0),
(265, 9, 1, '2016-09-11 00:00:00', 'OAK', 'NO', '1:00 PM', 'FOX', '', 0, 0),
(266, 10, 1, '2016-09-11 00:00:00', 'SD', 'KC', '1:00 PM', 'CBS', '', 0, 0),
(267, 11, 1, '2016-09-11 00:00:00', 'MIA', 'SEA', '4:05 PM', 'CBS', '', 0, 0),
(268, 12, 1, '2016-09-11 00:00:00', 'DET', 'IND', '4:25 PM', 'FOX', '', 0, 0),
(269, 13, 1, '2016-09-11 00:00:00', 'NYG', 'DAL', '4:25 PM', 'FOX', '', 0, 0),
(270, 14, 1, '2016-09-11 00:00:00', 'NE', 'ARI', '8:30 PM', 'NBC', '', 0, 0),
(271, 15, 1, '2016-09-12 00:00:00', 'PIT', 'WAS', '7:10 PM', 'ESPN', '', 0, 0),
(272, 16, 1, '2016-09-12 00:00:00', 'LA', 'SF', '10:20 PM', 'ESPN', '', 0, 0),
(273, 17, 2, '2016-09-15 00:00:00', 'NYJ', 'BUF', '8:25 PM', 'CBS', '', 0, 0),
(274, 18, 2, '2016-09-18 00:00:00', 'CIN', 'PIT', '1:00 PM', 'CBS', '', 0, 0),
(275, 19, 2, '2016-09-18 00:00:00', 'TEN', 'DET', '1:00 PM', 'CBS', '', 0, 0),
(276, 20, 2, '2016-09-18 00:00:00', 'BAL', 'CLE', '1:00 PM', 'CBS', '', 0, 0),
(277, 21, 2, '2016-09-18 00:00:00', 'DAL', 'WAS', '1:00 PM', 'FOX', '', 0, 0),
(278, 22, 2, '2016-09-18 00:00:00', 'NO', 'NYG', '1:00 PM', 'FOX', '', 0, 0),
(279, 23, 2, '2016-09-18 00:00:00', 'SF', 'CAR', '1:00 PM', 'FOX', '', 0, 0),
(280, 24, 2, '2016-09-18 00:00:00', 'MIA', 'NE', '1:00 PM', 'CBS', '', 0, 0),
(281, 25, 2, '2016-09-18 00:00:00', 'KC', 'HOU', '1:00 PM', 'CBS', '', 0, 0),
(282, 26, 2, '2016-09-18 00:00:00', 'SEA', 'LA', '4:05 PM', 'FOX', '', 0, 0),
(283, 27, 2, '2016-09-18 00:00:00', 'TB', 'ARI', '4:05 PM', 'FOX', '', 0, 0),
(284, 28, 2, '2016-09-18 00:00:00', 'JAC', 'SD', '4:25 PM', 'CBS', '', 0, 0),
(285, 29, 2, '2016-09-18 00:00:00', 'ATL', 'OAK', '4:25 PM', 'CBS', '', 0, 0),
(286, 30, 2, '2016-09-18 00:00:00', 'IND', 'DEN', '4:25 PM', 'CBS', '', 0, 0),
(287, 31, 2, '2016-09-18 00:00:00', 'GB', 'MIN', '8:30 PM', 'NBC', '', 0, 0),
(288, 32, 2, '2016-09-19 00:00:00', 'PHI', 'CHI', '8:30 PM', 'ESPN', '', 0, 0),
(289, 33, 3, '2016-09-22 00:00:00', 'HOU', 'NE', '8:25 PM', 'CBS', '', 0, 0),
(290, 34, 3, '2016-09-25 00:00:00', 'ARI', 'BUF', '1:00 PM', 'FOX', '', 0, 0),
(291, 35, 3, '2016-09-25 00:00:00', 'OAK', 'TEN', '1:00 PM', 'CBS', '', 0, 0),
(292, 36, 3, '2016-09-25 00:00:00', 'CLE', 'MIA', '1:00 PM', 'CBS', '', 0, 0),
(293, 37, 3, '2016-09-25 00:00:00', 'BAL', 'JAC', '1:00 PM', 'CBS', '', 0, 0),
(294, 38, 3, '2016-09-25 00:00:00', 'DET', 'GB', '1:00 PM', 'FOX', '', 0, 0),
(295, 39, 3, '2016-09-25 00:00:00', 'DEN', 'CIN', '1:00 PM', 'CBS', '', 0, 0),
(296, 40, 3, '2016-09-25 00:00:00', 'MIN', 'CAR', '1:00 PM', 'FOX', '', 0, 0),
(297, 41, 3, '2016-09-25 00:00:00', 'WAS', 'NYG', '1:00 PM', 'FOX', '', 0, 0),
(298, 42, 3, '2016-09-25 00:00:00', 'LA', 'TB', '4:05 PM', 'FOX', '', 0, 0),
(299, 43, 3, '2016-09-25 00:00:00', 'SF', 'SEA', '4:05 PM', 'FOX', '', 0, 0),
(300, 44, 3, '2016-09-25 00:00:00', 'NYJ', 'KC', '4:25 PM', 'CBS', '', 0, 0),
(301, 45, 3, '2016-09-25 00:00:00', 'SD', 'IND', '4:25 PM', 'CBS', '', 0, 0),
(302, 46, 3, '2016-09-25 00:00:00', 'PIT', 'PHI', '4:25 PM', 'CBS', '', 0, 0),
(303, 47, 3, '2016-09-25 00:00:00', 'CHI', 'DAL', '8:30 PM', 'NBC', '', 0, 0),
(304, 48, 3, '2016-09-26 00:00:00', 'ATL', 'NO', '8:30 PM', 'ESPN', '', 0, 0),
(305, 49, 4, '2016-09-29 00:00:00', 'MIA', 'CIN', '8:25 PM', 'NFL', '', 0, 0),
(306, 50, 4, '2016-10-02 00:00:00', 'IND', 'JAC', '9:30 AM', 'CBS', '', 0, 0),
(307, 51, 4, '2016-10-02 00:00:00', 'TEN', 'HOU', '1:00 PM', 'CBS', '', 0, 0),
(308, 52, 4, '2016-10-02 00:00:00', 'CLE', 'WAS', '1:00 PM', 'CBS', '', 0, 0),
(309, 53, 4, '2016-10-02 00:00:00', 'SEA', 'NYJ', '1:00 PM', 'FOX', '', 0, 0),
(310, 54, 4, '2016-10-02 00:00:00', 'BUF', 'NE', '1:00 PM', 'CBS', '', 0, 0),
(311, 55, 4, '2016-10-02 00:00:00', 'CAR', 'ATL', '1:00 PM', 'FOX', '', 0, 0),
(312, 56, 4, '2016-10-02 00:00:00', 'OAK', 'BAL', '1:00 PM', 'CBS', '', 0, 0),
(313, 57, 4, '2016-10-02 00:00:00', 'DET', 'CHI', '1:00 PM', 'FOX', '', 0, 0),
(314, 58, 4, '2016-10-02 00:00:00', 'DEN', 'TB', '4:05 PM', 'CBS', '', 0, 0),
(315, 59, 4, '2016-10-02 00:00:00', 'LA', 'ARI', '4:25 PM', 'FOX', '', 0, 0),
(316, 60, 4, '2016-10-02 00:00:00', 'NO', 'SD', '4:25 PM', 'FOX', '', 0, 0),
(317, 61, 4, '2016-10-02 00:00:00', 'DAL', 'SF', '4:25 PM', 'FOX', '', 0, 0),
(318, 62, 4, '2016-10-02 00:00:00', 'KC', 'PIT', '8:30 PM', 'NBC', '', 0, 0),
(319, 63, 4, '2016-10-03 00:00:00', 'NYG', 'MIN', '8:30 PM', 'ESPN', '', 0, 0),
(320, 64, 5, '2016-10-06 00:00:00', 'ARI', 'SF', '8:25 PM', 'CBS', '', 0, 0),
(321, 65, 5, '2016-10-09 00:00:00', 'NE', 'CLE', '1:00 PM', 'CBS', '', 0, 0),
(322, 66, 5, '2016-10-09 00:00:00', 'PHI', 'DET', '1:00 PM', 'FOX', '', 0, 0),
(323, 67, 5, '2016-10-09 00:00:00', 'CHI', 'IND', '1:00 PM', 'FOX', '', 0, 0),
(324, 68, 5, '2016-10-09 00:00:00', 'TEN', 'MIA', '1:00 PM', 'CBS', '', 0, 0),
(325, 69, 5, '2016-10-09 00:00:00', 'WAS', 'BAL', '1:00 PM', 'FOX', '', 0, 0),
(326, 70, 5, '2016-10-09 00:00:00', 'HOU', 'MIN', '1:00 PM', 'CBS', '', 0, 0),
(327, 71, 5, '2016-10-09 00:00:00', 'NYJ', 'PIT', '1:00 PM', 'CBS', '', 0, 0),
(328, 72, 5, '2016-10-09 00:00:00', 'ATL', 'DEN', '4:05 PM', 'FOX', '', 0, 0),
(329, 73, 5, '2016-10-09 00:00:00', 'CIN', 'DAL', '4:25 PM', 'CBS', '', 0, 0),
(330, 74, 5, '2016-10-09 00:00:00', 'BUF', 'LA', '4:25 PM', 'CBS', '', 0, 0),
(331, 75, 5, '2016-10-09 00:00:00', 'SD', 'OAK', '4:25 PM', 'CBS', '', 0, 0),
(332, 76, 5, '2016-10-09 00:00:00', 'NYG', 'GB', '8:30 PM', 'NBC', '', 0, 0),
(333, 77, 5, '2016-10-10 00:00:00', 'TB', 'CAR', '8:30 PM', 'ESPN', '', 0, 0),
(334, 78, 6, '2016-10-13 00:00:00', 'DEN', 'SD', '8:25 PM', 'CBS', '', 0, 0),
(335, 79, 6, '2016-10-16 00:00:00', 'SF', 'BUF', '1:00 PM', 'FOX', '', 0, 0),
(336, 80, 6, '2016-10-16 00:00:00', 'PHI', 'WAS', '1:00 PM', 'FOX', '', 0, 0),
(337, 81, 6, '2016-10-16 00:00:00', 'CLE', 'TEN', '1:00 PM', 'CBS', '', 0, 0),
(338, 82, 6, '2016-10-16 00:00:00', 'BAL', 'NYG', '1:00 PM', 'CBS', '', 0, 0),
(339, 83, 6, '2016-10-16 00:00:00', 'CAR', 'NO', '1:00 PM', 'FOX', '', 0, 0),
(340, 84, 6, '2016-10-16 00:00:00', 'JAC', 'CHI', '1:00 PM', 'CBS', '', 0, 0),
(341, 85, 6, '2016-10-16 00:00:00', 'LA', 'DET', '1:00 PM', 'FOX', '', 0, 0),
(342, 86, 6, '2016-10-16 00:00:00', 'PIT', 'MIA', '1:00 PM', 'CBS', '', 0, 0),
(343, 87, 6, '2016-10-16 00:00:00', 'CIN', 'NE', '1:00 PM', 'CBS', '', 0, 0),
(344, 88, 6, '2016-10-16 00:00:00', 'KC', 'OAK', '4:05 PM', 'CBS', '', 0, 0),
(345, 89, 6, '2016-10-16 00:00:00', 'ATL', 'SEA', '4:25 PM', 'FOX', '', 0, 0),
(346, 90, 6, '2016-10-16 00:00:00', 'DAL', 'GB', '4:25 PM', 'FOX', '', 0, 0),
(347, 91, 6, '2016-10-16 00:00:00', 'IND', 'HOU', '8:30 PM', 'NBC', '', 0, 0),
(348, 92, 6, '2016-10-17 00:00:00', 'NYJ', 'ARI', '8:30 PM', 'ESPN', '', 0, 0),
(349, 93, 7, '2016-10-20 00:00:00', 'CHI', 'GB', '8:25 PM', 'CBS', '', 0, 0),
(350, 94, 7, '2016-10-23 00:00:00', 'NYG', 'LA', '9:30 AM', 'NFL', '', 0, 0),
(351, 95, 7, '2016-10-23 00:00:00', 'NO', 'KC', '1:00 PM', 'FOX', '', 0, 0),
(352, 96, 7, '2016-10-23 00:00:00', 'IND', 'TEN', '1:00 PM', 'CBS', '', 0, 0),
(353, 97, 7, '2016-10-23 00:00:00', 'MIN', 'PHI', '1:00 PM', 'FOX', '', 0, 0),
(354, 98, 7, '2016-10-23 00:00:00', 'CLE', 'CIN', '1:00 PM', 'CBS', '', 0, 0),
(355, 99, 7, '2016-10-23 00:00:00', 'WAS', 'DET', '1:00 PM', 'FOX', '', 0, 0),
(356, 100, 7, '2016-10-23 00:00:00', 'OAK', 'JAC', '1:00 PM', 'CBS', '', 0, 0),
(357, 101, 7, '2016-10-23 00:00:00', 'BUF', 'MIA', '1:00 PM', 'CBS', '', 0, 0),
(358, 102, 7, '2016-10-23 00:00:00', 'BAL', 'NYJ', '1:00 PM', 'CBS', '', 0, 0),
(359, 103, 7, '2016-10-23 00:00:00', 'TB', 'SF', '4:05 PM', 'FOX', '', 0, 0),
(360, 104, 7, '2016-10-23 00:00:00', 'SD', 'ATL', '4:05 PM', 'FOX', '', 0, 0),
(361, 105, 7, '2016-10-23 00:00:00', 'NE', 'PIT', '4:25 PM', 'CBS', '', 0, 0),
(362, 106, 7, '2016-10-23 00:00:00', 'SEA', 'ARI', '8:30 PM', 'NBC', '', 0, 0),
(363, 107, 7, '2016-10-24 00:00:00', 'HOU', 'DEN', '8:30 PM', 'ESPN', '', 0, 0),
(364, 108, 8, '2016-10-27 00:00:00', 'JAC', 'TEN', '8:25 PM', 'NFL', '', 0, 0),
(365, 109, 8, '2016-10-30 00:00:00', 'WAS', 'CIN', '9:30 AM', 'FOX', '', 0, 0),
(366, 110, 8, '2016-10-30 00:00:00', 'KC', 'IND', '1:00 PM', 'CBS', '', 0, 0),
(367, 111, 8, '2016-10-30 00:00:00', 'OAK', 'TB', '1:00 PM', 'CBS', '', 0, 0),
(368, 112, 8, '2016-10-30 00:00:00', 'SEA', 'NO', '1:00 PM', 'FOX', '', 0, 0),
(369, 113, 8, '2016-10-30 00:00:00', 'DET', 'HOU', '1:00 PM', 'FOX', '', 0, 0),
(370, 114, 8, '2016-10-30 00:00:00', 'NYJ', 'CLE', '1:00 PM', 'CBS', '', 0, 0),
(371, 115, 8, '2016-10-30 00:00:00', 'GB', 'ATL', '1:00 PM', 'FOX', '', 0, 0),
(372, 116, 8, '2016-10-30 00:00:00', 'NE', 'BUF', '1:00 PM', 'CBS', '', 0, 0),
(373, 117, 8, '2016-10-30 00:00:00', 'SD', 'DEN', '4:05 PM', 'CBS', '', 0, 0),
(374, 118, 8, '2016-10-30 00:00:00', 'ARI', 'CAR', '4:25 PM', 'FOX', '', 0, 0),
(375, 119, 8, '2016-10-30 00:00:00', 'PHI', 'DAL', '8:30 PM', 'NBC', '', 0, 0),
(376, 120, 8, '2016-10-31 00:00:00', 'MIN', 'CHI', '8:30 PM', 'ESPN', '', 0, 0),
(377, 121, 9, '2016-11-03 00:00:00', 'ATL', 'TB', '8:25 PM', 'NFL', '', 0, 0),
(378, 122, 9, '2016-11-06 00:00:00', 'PIT', 'BAL', '1:00 PM', 'CBS', '', 0, 0),
(379, 123, 9, '2016-11-06 00:00:00', 'DAL', 'CLE', '1:00 PM', 'FOX', '', 0, 0),
(380, 124, 9, '2016-11-06 00:00:00', 'JAC', 'KC', '1:00 PM', 'CBS', '', 0, 0),
(381, 125, 9, '2016-11-06 00:00:00', 'NYJ', 'MIA', '1:00 PM', 'CBS', '', 0, 0),
(382, 126, 9, '2016-11-06 00:00:00', 'PHI', 'NYG', '1:00 PM', 'FOX', '', 0, 0),
(383, 127, 9, '2016-11-06 00:00:00', 'DET', 'MIN', '1:00 PM', 'FOX', '', 0, 0),
(384, 128, 9, '2016-11-06 00:00:00', 'CAR', 'LA', '4:05 PM', 'FOX', '', 0, 0),
(385, 129, 9, '2016-11-06 00:00:00', 'NO', 'SF', '4:05 PM', 'FOX', '', 0, 0),
(386, 130, 9, '2016-11-06 00:00:00', 'TEN', 'SD', '4:25 PM', 'CBS', '', 0, 0),
(387, 131, 9, '2016-11-06 00:00:00', 'IND', 'GB', '4:25 PM', 'CBS', '', 0, 0),
(388, 132, 9, '2016-11-06 00:00:00', 'DEN', 'OAK', '8:30 PM', 'NBC', '', 0, 0),
(389, 133, 9, '2016-11-07 00:00:00', 'BUF', 'SEA', '8:30 PM', 'ESPN', '', 0, 0),
(390, 134, 10, '2016-11-10 00:00:00', 'CLE', 'BAL', '8:25 PM', 'NFL', '', 0, 0),
(391, 135, 10, '2016-11-13 00:00:00', 'GB', 'TEN', '1:00 PM', 'FOX', '', 0, 0),
(392, 136, 10, '2016-11-13 00:00:00', 'MIN', 'WAS', '1:00 PM', 'FOX', '', 0, 0),
(393, 137, 10, '2016-11-13 00:00:00', 'CHI', 'TB', '1:00 PM', 'FOX', '', 0, 0),
(394, 138, 10, '2016-11-13 00:00:00', 'KC', 'CAR', '1:00 PM', 'CBS', '', 0, 0),
(395, 139, 10, '2016-11-13 00:00:00', 'ATL', 'PHI', '1:00 PM', 'FOX', '', 0, 0),
(396, 140, 10, '2016-11-13 00:00:00', 'LA', 'NYJ', '1:00 PM', 'FOX', '', 0, 0),
(397, 141, 10, '2016-11-13 00:00:00', 'DEN', 'NO', '1:00 PM', 'CBS', '', 0, 0),
(398, 142, 10, '2016-11-13 00:00:00', 'HOU', 'JAC', '1:00 PM', 'CBS', '', 0, 0),
(399, 143, 10, '2016-11-13 00:00:00', 'MIA', 'SD', '4:05 PM', 'CBS', '', 0, 0),
(400, 144, 10, '2016-11-13 00:00:00', 'DAL', 'PIT', '4:25 PM', 'FOX', '', 0, 0),
(401, 145, 10, '2016-11-13 00:00:00', 'SF', 'ARI', '4:25 PM', 'FOX', '', 0, 0),
(402, 146, 10, '2016-11-13 00:00:00', 'SEA', 'NE', '8:30 PM', 'NBC', '', 0, 0),
(403, 147, 10, '2016-11-14 00:00:00', 'CIN', 'NYG', '8:30 PM', 'ESPN', '', 0, 0),
(404, 148, 11, '2016-11-17 00:00:00', 'NO', 'CAR', '8:25 PM', 'NBC', '', 0, 0),
(405, 149, 11, '2016-11-20 00:00:00', 'PIT', 'CLE', '1:00 PM', 'CBS', '', 0, 0),
(406, 150, 11, '2016-11-20 00:00:00', 'BAL', 'DAL', '1:00 PM', 'CBS', '', 0, 0),
(407, 151, 11, '2016-11-20 00:00:00', 'JAC', 'DET', '1:00 PM', 'CBS', '', 0, 0),
(408, 152, 11, '2016-11-20 00:00:00', 'TEN', 'IND', '1:00 PM', 'CBS', '', 0, 0),
(409, 153, 11, '2016-11-20 00:00:00', 'BUF', 'CIN', '1:00 PM', 'FOX', '', 0, 0),
(410, 154, 11, '2016-11-20 00:00:00', 'TB', 'KC', '1:00 PM', 'FOX', '', 0, 0),
(411, 155, 11, '2016-11-20 00:00:00', 'CHI', 'NYG', '1:00 PM', 'FOX', '', 0, 0),
(412, 156, 11, '2016-11-20 00:00:00', 'ARI', 'MIN', '1:00 PM', 'FOX', '', 0, 0),
(413, 157, 11, '2016-11-20 00:00:00', 'MIA', 'LA', '4:05 PM', 'FOX', '', 0, 0),
(414, 158, 11, '2016-11-20 00:00:00', 'NE', 'SF', '4:25 PM', 'CBS', '', 0, 0),
(415, 159, 11, '2016-11-20 00:00:00', 'PHI', 'SEA', '4:25 PM', 'CBS', '', 0, 0),
(416, 160, 11, '2016-11-20 00:00:00', 'GB', 'WAS', '8:30 PM', 'NBC', '', 0, 0),
(417, 161, 11, '2016-11-21 00:00:00', 'HOU', 'OAK', '8:30 PM', 'ESPN', '', 0, 0),
(418, 162, 12, '2016-11-24 00:00:00', 'MIN', 'DET', '12:30 PM', 'CBS', '', 0, 0),
(419, 163, 12, '2016-11-24 00:00:00', 'WAS', 'DAL', '4:30 PM', 'FOX', '', 0, 0),
(420, 164, 12, '2016-11-24 00:00:00', 'PIT', 'IND', '8:30 PM', 'NBC', '', 0, 0),
(421, 165, 12, '2016-11-27 00:00:00', 'TEN', 'CHI', '1:00 PM', 'CBS', '', 0, 0),
(422, 166, 12, '2016-11-27 00:00:00', 'JAC', 'BUF', '1:00 PM', 'CBS', '', 0, 0),
(423, 167, 12, '2016-11-27 00:00:00', 'CIN', 'BAL', '1:00 PM', 'CBS', '', 0, 0),
(424, 168, 12, '2016-11-27 00:00:00', 'ARI', 'ATL', '1:00 PM', 'FOX', '', 0, 0),
(425, 169, 12, '2016-11-27 00:00:00', 'NYG', 'CLE', '1:00 PM', 'FOX', '', 0, 0),
(426, 170, 12, '2016-11-27 00:00:00', 'LA', 'NO', '1:00 PM', 'FOX', '', 0, 0),
(427, 171, 12, '2016-11-27 00:00:00', 'SF', 'MIA', '1:00 PM', 'FOX', '', 0, 0),
(428, 172, 12, '2016-11-27 00:00:00', 'SD', 'HOU', '1:00 PM', 'CBS', '', 0, 0),
(429, 173, 12, '2016-11-27 00:00:00', 'SEA', 'TB', '4:05 PM', 'FOX', '', 0, 0),
(430, 174, 12, '2016-11-27 00:00:00', 'CAR', 'OAK', '4:25 PM', 'CBS', '', 0, 0),
(431, 175, 12, '2016-11-27 00:00:00', 'KC', 'DEN', '4:25 PM', 'CBS', '', 0, 0),
(432, 176, 12, '2016-11-27 00:00:00', 'NE', 'NYJ', '8:30 PM', 'NBC', '', 0, 0),
(433, 177, 12, '2016-11-28 00:00:00', 'GB', 'PHI', '8:30 PM', 'ESPN', '', 0, 0),
(434, 178, 13, '2016-12-01 00:00:00', 'DAL', 'MIN', '8:25 PM', 'NBC', '', 0, 0),
(435, 179, 13, '2016-12-04 00:00:00', 'KC', 'ATL', '1:00 PM', 'CBS', '', 0, 0),
(436, 180, 13, '2016-12-04 00:00:00', 'DET', 'NO', '1:00 PM', 'FOX', '', 0, 0),
(437, 181, 13, '2016-12-04 00:00:00', 'LA', 'NE', '1:00 PM', 'FOX', '', 0, 0),
(438, 182, 13, '2016-12-04 00:00:00', 'DEN', 'JAC', '1:00 PM', 'CBS', '', 0, 0),
(439, 183, 13, '2016-12-04 00:00:00', 'HOU', 'GB', '1:00 PM', 'CBS', '', 0, 0),
(440, 184, 13, '2016-12-04 00:00:00', 'PHI', 'CIN', '1:00 PM', 'FOX', '', 0, 0),
(441, 185, 13, '2016-12-04 00:00:00', 'MIA', 'BAL', '1:00 PM', 'CBS', '', 0, 0),
(442, 186, 13, '2016-12-04 00:00:00', 'SF', 'CHI', '1:00 PM', 'FOX', '', 0, 0),
(443, 187, 13, '2016-12-04 00:00:00', 'BUF', 'OAK', '4:05 PM', 'CBS', '', 0, 0),
(444, 188, 13, '2016-12-04 00:00:00', 'NYG', 'PIT', '4:25 PM', 'FOX', '', 0, 0),
(445, 189, 13, '2016-12-04 00:00:00', 'WAS', 'ARI', '4:25 PM', 'FOX', '', 0, 0),
(446, 190, 13, '2016-12-04 00:00:00', 'TB', 'SD', '4:25 PM', 'FOX', '', 0, 0),
(447, 191, 13, '2016-12-04 00:00:00', 'CAR', 'SEA', '8:30 PM', 'NBC', '', 0, 0),
(448, 192, 13, '2016-12-05 00:00:00', 'IND', 'NYJ', '8:30 PM', 'ESPN', '', 0, 0),
(449, 193, 14, '2016-12-08 00:00:00', 'OAK', 'KC', '8:25 PM', 'NBC', '', 0, 0),
(450, 194, 14, '2016-12-11 00:00:00', 'PIT', 'BUF', '1:00 PM', 'CBS', '', 0, 0),
(451, 195, 14, '2016-12-11 00:00:00', 'DEN', 'TEN', '1:00 PM', 'CBS', '', 0, 0),
(452, 196, 14, '2016-12-11 00:00:00', 'NO', 'TB', '1:00 PM', 'FOX', '', 0, 0),
(453, 197, 14, '2016-12-11 00:00:00', 'WAS', 'PHI', '1:00 PM', 'FOX', '', 0, 0),
(454, 198, 14, '2016-12-11 00:00:00', 'ARI', 'MIA', '1:00 PM', 'FOX', '', 0, 0),
(455, 199, 14, '2016-12-11 00:00:00', 'SD', 'CAR', '1:00 PM', 'FOX', '', 0, 0),
(456, 200, 14, '2016-12-11 00:00:00', 'CIN', 'CLE', '1:00 PM', 'CBS', '', 0, 0),
(457, 201, 14, '2016-12-11 00:00:00', 'CHI', 'DET', '1:00 PM', 'FOX', '', 0, 0),
(458, 202, 14, '2016-12-11 00:00:00', 'HOU', 'IND', '1:00 PM', 'CBS', '', 0, 0),
(459, 203, 14, '2016-12-11 00:00:00', 'MIN', 'JAC', '1:00 PM', 'FOX', '', 0, 0),
(460, 204, 14, '2016-12-11 00:00:00', 'NYJ', 'SF', '4:05 PM', 'CBS', '', 0, 0),
(461, 205, 14, '2016-12-11 00:00:00', 'ATL', 'LA', '4:25 PM', 'FOX', '', 0, 0),
(462, 206, 14, '2016-12-11 00:00:00', 'SEA', 'GB', '4:25 PM', 'FOX', '', 0, 0),
(463, 207, 14, '2016-12-11 00:00:00', 'DAL', 'NYG', '8:30 PM', 'NBC', '', 0, 0),
(464, 208, 14, '2016-12-12 00:00:00', 'BAL', 'NE', '8:30 PM', 'ESPN', '', 0, 0),
(465, 209, 15, '2016-12-15 00:00:00', 'LA', 'SEA', '8:25 PM', 'NBC', '', 0, 0),
(466, 210, 15, '2016-12-17 00:00:00', 'MIA', 'NYJ', '8:25 PM', 'NFL', '', 0, 0),
(467, 211, 15, '2016-12-18 00:00:00', 'GB', 'CHI', '1:00 PM', 'FOX', '', 0, 0),
(468, 212, 15, '2016-12-18 00:00:00', 'TB', 'DAL', '1:00 PM', 'FOX', '', 0, 0),
(469, 213, 15, '2016-12-18 00:00:00', 'JAC', 'HOU', '1:00 PM', 'CBS', '', 0, 0),
(470, 214, 15, '2016-12-18 00:00:00', 'CLE', 'BUF', '1:00 PM', 'CBS', '', 0, 0),
(471, 215, 15, '2016-12-18 00:00:00', 'PHI', 'BAL', '1:00 PM', 'FOX', '', 0, 0),
(472, 216, 15, '2016-12-18 00:00:00', 'TEN', 'KC', '1:00 PM', 'CBS', '', 0, 0),
(473, 217, 15, '2016-12-18 00:00:00', 'DET', 'NYG', '1:00 PM', 'FOX', '', 0, 0),
(474, 218, 15, '2016-12-18 00:00:00', 'IND', 'MIN', '1:00 PM', 'CBS', '', 0, 0),
(475, 219, 15, '2016-12-18 00:00:00', 'NO', 'ARI', '4:05 PM', 'FOX', '', 0, 0),
(476, 220, 15, '2016-12-18 00:00:00', 'SF', 'ATL', '4:05 PM', 'FOX', '', 0, 0),
(477, 221, 15, '2016-12-18 00:00:00', 'NE', 'DEN', '4:25 PM', 'CBS', '', 0, 0),
(478, 222, 15, '2016-12-18 00:00:00', 'OAK', 'SD', '4:25 PM', 'CBS', '', 0, 0),
(479, 223, 15, '2016-12-18 00:00:00', 'PIT', 'CIN', '8:30 PM', 'NBC', '', 0, 0),
(480, 224, 15, '2016-12-19 00:00:00', 'CAR', 'WAS', '8:30 PM', 'ESPN', '', 0, 0),
(481, 225, 16, '2016-12-22 00:00:00', 'NYG', 'PHI', '8:25 PM', 'NBC', '', 0, 0),
(482, 226, 16, '2016-12-24 00:00:00', 'MIA', 'BUF', '1:00 PM', 'CBS', '', 0, 0),
(483, 227, 16, '2016-12-24 00:00:00', 'TB', 'NO', '1:00 PM', 'FOX', '', 0, 0),
(484, 228, 16, '2016-12-24 00:00:00', 'NYJ', 'NE', '1:00 PM', 'CBS', '', 0, 0),
(485, 229, 16, '2016-12-24 00:00:00', 'TEN', 'JAC', '1:00 PM', 'CBS', '', 0, 0),
(486, 230, 16, '2016-12-24 00:00:00', 'MIN', 'GB', '1:00 PM', 'FOX', '', 0, 0),
(487, 231, 16, '2016-12-24 00:00:00', 'SD', 'CLE', '1:00 PM', 'CBS', '', 0, 0),
(488, 232, 16, '2016-12-24 00:00:00', 'WAS', 'CHI', '1:00 PM', 'FOX', '', 0, 0),
(489, 233, 16, '2016-12-24 00:00:00', 'ATL', 'CAR', '1:00 PM', 'FOX', '', 0, 0),
(490, 234, 16, '2016-12-24 00:00:00', 'IND', 'OAK', '4:05 PM', 'CBS', '', 0, 0),
(491, 235, 16, '2016-12-24 00:00:00', 'ARI', 'SEA', '4:25 PM', 'FOX', '', 0, 0),
(492, 236, 16, '2016-12-24 00:00:00', 'SF', 'LA', '4:25 PM', 'FOX', '', 0, 0),
(493, 237, 16, '2016-12-24 00:00:00', 'CIN', 'HOU', '8:25 PM', 'NFL', '', 0, 0),
(494, 238, 16, '2016-12-25 00:00:00', 'BAL', 'PIT', '4:30 PM', 'NFL', '', 0, 0),
(495, 239, 16, '2016-12-25 00:00:00', 'DEN', 'KC', '8:30 PM', 'NBC', '', 0, 0),
(496, 240, 16, '2016-12-26 00:00:00', 'DET', 'DAL', '8:30 PM', 'ESPN', '', 0, 0),
(497, 241, 17, '2017-01-01 00:00:00', 'NO', 'ATL', '1:00 PM', 'FOX', '', 0, 0),
(498, 242, 17, '2017-01-01 00:00:00', 'BAL', 'CIN', '1:00 PM', 'CBS', '', 0, 0),
(499, 243, 17, '2017-01-01 00:00:00', 'NYG', 'WAS', '1:00 PM', 'FOX', '', 0, 0),
(500, 244, 17, '2017-01-01 00:00:00', 'HOU', 'TEN', '1:00 PM', 'CBS', '', 0, 0),
(501, 245, 17, '2017-01-01 00:00:00', 'CAR', 'TB', '1:00 PM', 'FOX', '', 0, 0),
(502, 246, 17, '2017-01-01 00:00:00', 'GB', 'DET', '1:00 PM', 'FOX', '', 0, 0),
(503, 247, 17, '2017-01-01 00:00:00', 'JAC', 'IND', '1:00 PM', 'CBS', '', 0, 0),
(504, 248, 17, '2017-01-01 00:00:00', 'NE', 'MIA', '1:00 PM', 'CBS', '', 0, 0),
(505, 249, 17, '2017-01-01 00:00:00', 'CHI', 'MIN', '1:00 PM', 'FOX', '', 0, 0),
(506, 250, 17, '2017-01-01 00:00:00', 'BUF', 'NYJ', '1:00 PM', 'CBS', '', 0, 0),
(507, 251, 17, '2017-01-01 00:00:00', 'DAL', 'PHI', '1:00 PM', 'FOX', '', 0, 0),
(508, 252, 17, '2017-01-01 00:00:00', 'CLE', 'PIT', '1:00 PM', 'CBS', '', 0, 0),
(509, 253, 17, '2017-01-01 00:00:00', 'ARI', 'LA', '4:25 PM', 'FOX', '', 0, 0),
(510, 254, 17, '2017-01-01 00:00:00', 'OAK', 'DEN', '4:25 PM', 'CBS', '', 0, 0),
(511, 255, 17, '2017-01-01 00:00:00', 'KC', 'SD', '4:25 PM', 'CBS', '', 0, 0),
(512, 256, 17, '2017-01-01 00:00:00', 'SEA', 'SF', '4:25 PM', 'FOX', '', 0, 0);

-- --------------------------------------------------------

--
-- Table structure for table `kh_game_schedule_history`
--

CREATE TABLE IF NOT EXISTS `kh_game_schedule_history` (
  `id` int(11) NOT NULL AUTO_INCREMENT,
  `game_id` int(11) NOT NULL,
  `game_week` int(11) NOT NULL,
  `game_date` datetime NOT NULL,
  `away_team` varchar(75) NOT NULL,
  `home_team` varchar(75) NOT NULL,
  `game_time_et` varchar(50) NOT NULL,
  `tv_station` varchar(25) NOT NULL,
  `winner` varchar(75) NOT NULL,
  `winner_team_id` int(11) NOT NULL,
  `loser_team_id` int(11) NOT NULL DEFAULT '0',
  `year` varchar(10) NOT NULL,
  PRIMARY KEY (`id`)
) ENGINE=InnoDB  DEFAULT CHARSET=utf8 AUTO_INCREMENT=257 ;

--
-- Dumping data for table `kh_game_schedule_history`
--

INSERT INTO `kh_game_schedule_history` (`id`, `game_id`, `game_week`, `game_date`, `away_team`, `home_team`, `game_time_et`, `tv_station`, `winner`, `winner_team_id`, `loser_team_id`, `year`) VALUES
(1, 1, 1, '2015-09-10 00:00:00', 'PIT', 'NE', '8:30 PM', 'NBC', 'NE', 21, 25, '2015-2016'),
(2, 2, 1, '2015-09-13 00:00:00', 'GB', 'CHI', '1:00 PM', 'FOX', 'GB', 12, 6, '2015-2016'),
(3, 3, 1, '2015-09-13 00:00:00', 'KC', 'HOU', '1:00 PM', 'CBS', 'KC', 16, 13, '2015-2016'),
(4, 4, 1, '2015-09-13 00:00:00', 'CLE', 'NYJ', '1:00 PM', 'CBS', 'NYJ', 20, 8, '2015-2016'),
(5, 5, 1, '2015-09-13 00:00:00', 'IND', 'BUF', '1:00 PM', 'CBS', 'BUF', 4, 14, '2015-2016'),
(6, 6, 1, '2015-09-13 00:00:00', 'MIA', 'WAS', '1:00 PM', 'CBS', 'MIA', 17, 32, '2015-2016'),
(7, 7, 1, '2015-09-13 00:00:00', 'CAR', 'JAC', '1:00 PM', 'FOX', 'CAR', 5, 15, '2015-2016'),
(8, 8, 1, '2015-09-13 00:00:00', 'SEA', 'STL', '1:00 PM', 'FOX', 'STL', 29, 28, '2015-2016'),
(9, 9, 1, '2015-09-13 00:00:00', 'NO', 'ARI', '4:05 PM', 'FOX', 'ARI', 1, 22, '2015-2016'),
(10, 10, 1, '2015-09-13 00:00:00', 'DET', 'SD', '4:05 PM', 'FOX', 'SD', 26, 11, '2015-2016'),
(11, 11, 1, '2015-09-13 00:00:00', 'TEN', 'TB', '4:25 PM', 'CBS', 'TEN', 31, 30, '2015-2016'),
(12, 12, 1, '2015-09-13 00:00:00', 'CIN', 'OAK', '4:25 PM', 'CBS', 'CIN', 7, 23, '2015-2016'),
(13, 13, 1, '2015-09-13 00:00:00', 'BAL', 'DEN', '4:25 PM', 'CBS', 'DEN', 10, 3, '2015-2016'),
(14, 14, 1, '2015-09-13 00:00:00', 'NYG', 'DAL', '8:30 PM', 'NBC', 'DAL', 9, 19, '2015-2016'),
(15, 15, 1, '2015-09-14 00:00:00', 'PHI', 'ATL', '7:10 PM', 'ESPN', 'ATL', 2, 24, '2015-2016'),
(16, 16, 1, '2015-09-14 00:00:00', 'MIN', 'SF', '10:20 PM', 'ESPN', 'SF', 27, 18, '2015-2016'),
(17, 17, 2, '2015-09-17 00:00:00', 'DEN', 'KC', '8:25 PM', 'CBS', 'DEN', 10, 16, '2015-2016'),
(18, 18, 2, '2015-09-20 00:00:00', 'HOU', 'CAR', '1:00 PM', 'CBS', 'CAR', 5, 13, '2015-2016'),
(19, 19, 2, '2015-09-20 00:00:00', 'SF', 'PIT', '1:00 PM', 'FOX', 'PIT', 25, 27, '2015-2016'),
(20, 20, 2, '2015-09-20 00:00:00', 'TB', 'NO', '1:00 PM', 'FOX', 'TB', 30, 22, '2015-2016'),
(21, 21, 2, '2015-09-20 00:00:00', 'DET', 'MIN', '1:00 PM', 'FOX', 'MIN', 18, 11, '2015-2016'),
(22, 22, 2, '2015-09-20 00:00:00', 'ARI', 'CHI', '1:00 PM', 'FOX', 'ARI', 1, 6, '2015-2016'),
(23, 23, 2, '2015-09-20 00:00:00', 'NE', 'BUF', '1:00 PM', 'CBS', 'NE', 21, 4, '2015-2016'),
(24, 24, 2, '2015-09-20 00:00:00', 'SD', 'CIN', '1:00 PM', 'CBS', 'CIN', 7, 26, '2015-2016'),
(25, 25, 2, '2015-09-20 00:00:00', 'TEN', 'CLE', '1:00 PM', 'CBS', 'CLE', 8, 31, '2015-2016'),
(26, 26, 2, '2015-09-20 00:00:00', 'ATL', 'NYG', '1:00 PM', 'FOX', 'ATL', 2, 19, '2015-2016'),
(27, 27, 2, '2015-09-20 00:00:00', 'STL', 'WAS', '1:00 PM', 'FOX', 'WAS', 32, 29, '2015-2016'),
(28, 28, 2, '2015-09-20 00:00:00', 'MIA', 'JAC', '4:05 PM', 'CBS', 'JAC', 15, 17, '2015-2016'),
(29, 29, 2, '2015-09-20 00:00:00', 'BAL', 'OAK', '4:05 PM', 'CBS', 'OAK', 23, 3, '2015-2016'),
(30, 30, 2, '2015-09-20 00:00:00', 'DAL', 'PHI', '4:25 PM', 'FOX', 'DAL', 9, 24, '2015-2016'),
(31, 31, 2, '2015-09-20 00:00:00', 'SEA', 'GB', '8:30 PM', 'NBC', 'GB', 12, 28, '2015-2016'),
(32, 32, 2, '2015-09-21 00:00:00', 'NYJ', 'IND', '8:30 PM', 'ESPN', 'NYJ', 20, 14, '2015-2016'),
(33, 33, 3, '2015-09-24 00:00:00', 'WAS', 'NYG', '8:25 PM', 'CBS', 'NYG', 19, 32, '2015-2016'),
(34, 34, 3, '2015-09-27 00:00:00', 'ATL', 'DAL', '1:00 PM', 'FOX', 'ATL', 2, 9, '2015-2016'),
(35, 35, 3, '2015-09-27 00:00:00', 'IND', 'TEN', '1:00 PM', 'CBS', 'IND', 14, 31, '2015-2016'),
(36, 36, 3, '2015-09-27 00:00:00', 'OAK', 'CLE', '1:00 PM', 'CBS', 'OAK', 23, 8, '2015-2016'),
(37, 37, 3, '2015-09-27 00:00:00', 'CIN', 'BAL', '1:00 PM', 'CBS', 'CIN', 7, 3, '2015-2016'),
(38, 38, 3, '2015-09-27 00:00:00', 'JAC', 'NE', '1:00 PM', 'CBS', 'NE', 21, 15, '2015-2016'),
(39, 39, 3, '2015-09-27 00:00:00', 'NO', 'CAR', '1:00 PM', 'FOX', 'CAR', 5, 22, '2015-2016'),
(40, 40, 3, '2015-09-27 00:00:00', 'PHI', 'NYJ', '1:00 PM', 'FOX', 'PHI', 24, 20, '2015-2016'),
(41, 41, 3, '2015-09-27 00:00:00', 'TB', 'HOU', '1:00 PM', 'FOX', 'HOU', 13, 30, '2015-2016'),
(42, 42, 3, '2015-09-27 00:00:00', 'SD', 'MIN', '1:00 PM', 'CBS', 'MIN', 18, 26, '2015-2016'),
(43, 43, 3, '2015-09-27 00:00:00', 'PIT', 'STL', '1:00 PM', 'CBS', 'PIT', 25, 29, '2015-2016'),
(44, 44, 3, '2015-09-27 00:00:00', 'SF', 'ARI', '4:05 PM', 'FOX', 'ARI', 1, 27, '2015-2016'),
(45, 45, 3, '2015-09-27 00:00:00', 'BUF', 'MIA', '4:25 PM', 'CBS', 'BUF', 4, 17, '2015-2016'),
(46, 46, 3, '2015-09-27 00:00:00', 'CHI', 'SEA', '4:25 PM', 'CBS', 'SEA', 28, 6, '2015-2016'),
(47, 47, 3, '2015-09-27 00:00:00', 'DEN', 'DET', '8:30 PM', 'NBC', 'DEN', 10, 11, '2015-2016'),
(48, 48, 3, '2015-09-28 00:00:00', 'KC', 'GB', '8:30 PM', 'ESPN', 'GB', 12, 16, '2015-2016'),
(49, 49, 4, '2015-10-01 00:00:00', 'BAL', 'PIT', '8:25 PM', 'CBS', 'BAL', 3, 25, '2015-2016'),
(50, 50, 4, '2015-10-04 00:00:00', 'NYJ', 'MIA', '9:30 AM', 'CBS', 'NYJ', 20, 17, '2015-2016'),
(51, 51, 4, '2015-10-04 00:00:00', 'JAC', 'IND', '1:00 PM', 'CBS', 'IND', 14, 15, '2015-2016'),
(52, 52, 4, '2015-10-04 00:00:00', 'NYG', 'BUF', '1:00 PM', 'FOX', 'NYG', 19, 4, '2015-2016'),
(53, 53, 4, '2015-10-04 00:00:00', 'CAR', 'TB', '1:00 PM', 'FOX', 'CAR', 5, 30, '2015-2016'),
(54, 54, 4, '2015-10-04 00:00:00', 'PHI', 'WAS', '1:00 PM', 'FOX', 'WAS', 32, 24, '2015-2016'),
(55, 55, 4, '2015-10-04 00:00:00', 'OAK', 'CHI', '1:00 PM', 'CBS', 'CHI', 6, 23, '2015-2016'),
(56, 56, 4, '2015-10-04 00:00:00', 'HOU', 'ATL', '1:00 PM', 'CBS', 'ATL', 2, 13, '2015-2016'),
(57, 57, 4, '2015-10-04 00:00:00', 'KC', 'CIN', '1:00 PM', 'CBS', 'CIN', 7, 16, '2015-2016'),
(58, 58, 4, '2015-10-04 00:00:00', 'CLE', 'SD', '4:05 PM', 'CBS', 'SD', 26, 8, '2015-2016'),
(59, 59, 4, '2015-10-04 00:00:00', 'GB', 'SF', '4:25 PM', 'FOX', 'GB', 12, 27, '2015-2016'),
(60, 60, 4, '2015-10-04 00:00:00', 'STL', 'ARI', '4:25 PM', 'FOX', 'STL', 29, 1, '2015-2016'),
(61, 61, 4, '2015-10-04 00:00:00', 'MIN', 'DEN', '4:25 PM', 'FOX', 'DEN', 10, 18, '2015-2016'),
(62, 62, 4, '2015-10-04 00:00:00', 'DAL', 'NO', '8:30 PM', 'NBC', 'NO', 22, 9, '2015-2016'),
(63, 63, 4, '2015-10-05 00:00:00', 'DET', 'SEA', '8:30 PM', 'ESPN', 'SEA', 28, 11, '2015-2016'),
(64, 64, 5, '2015-10-08 00:00:00', 'IND', 'HOU', '8:25 PM', 'CBS', 'IND', 14, 13, '2015-2016'),
(65, 65, 5, '2015-10-11 00:00:00', 'CHI', 'KC', '1:00 PM', 'FOX', 'CHI', 6, 16, '2015-2016'),
(66, 66, 5, '2015-10-11 00:00:00', 'SEA', 'CIN', '1:00 PM', 'FOX', 'CIN', 7, 28, '2015-2016'),
(67, 67, 5, '2015-10-11 00:00:00', 'WAS', 'ATL', '1:00 PM', 'FOX', 'ATL', 2, 32, '2015-2016'),
(68, 68, 5, '2015-10-11 00:00:00', 'JAC', 'TB', '1:00 PM', 'CBS', 'TB', 30, 15, '2015-2016'),
(69, 69, 5, '2015-10-11 00:00:00', 'NO', 'PHI', '1:00 PM', 'FOX', 'PHI', 24, 22, '2015-2016'),
(70, 70, 5, '2015-10-11 00:00:00', 'CLE', 'BAL', '1:00 PM', 'CBS', 'CLE', 8, 3, '2015-2016'),
(71, 71, 5, '2015-10-11 00:00:00', 'STL', 'GB', '1:00 PM', 'CBS', 'GB', 12, 29, '2015-2016'),
(72, 72, 5, '2015-10-11 00:00:00', 'BUF', 'TEN', '1:00 PM', 'CBS', 'BUF', 4, 31, '2015-2016'),
(73, 73, 5, '2015-10-11 00:00:00', 'ARI', 'DET', '4:05 PM', 'FOX', 'ARI', 1, 11, '2015-2016'),
(74, 74, 5, '2015-10-11 00:00:00', 'NE', 'DAL', '4:25 PM', 'CBS', 'NE', 21, 9, '2015-2016'),
(75, 75, 5, '2015-10-11 00:00:00', 'DEN', 'OAK', '4:25 PM', 'CBS', 'DEN', 10, 23, '2015-2016'),
(76, 76, 5, '2015-10-11 00:00:00', 'SF', 'NYG', '8:30 PM', 'NBC', 'NYG', 19, 27, '2015-2016'),
(77, 77, 5, '2015-10-12 00:00:00', 'PIT', 'SD', '8:30 PM', 'ESPN', 'PIT', 25, 26, '2015-2016'),
(78, 78, 6, '2015-10-15 00:00:00', 'ATL', 'NO', '8:25 PM', 'CBS', 'NO', 22, 2, '2015-2016'),
(79, 79, 6, '2015-10-18 00:00:00', 'WAS', 'NYJ', '1:00 PM', 'FOX', 'NYJ', 20, 32, '2015-2016'),
(80, 80, 6, '2015-10-18 00:00:00', 'ARI', 'PIT', '1:00 PM', 'FOX', 'PIT', 25, 1, '2015-2016'),
(81, 81, 6, '2015-10-18 00:00:00', 'KC', 'MIN', '1:00 PM', 'CBS', 'MIN', 18, 16, '2015-2016'),
(82, 82, 6, '2015-10-18 00:00:00', 'CIN', 'BUF', '1:00 PM', 'CBS', 'CIN', 7, 4, '2015-2016'),
(83, 83, 6, '2015-10-18 00:00:00', 'CHI', 'DET', '1:00 PM', 'FOX', 'DET', 11, 6, '2015-2016'),
(84, 84, 6, '2015-10-18 00:00:00', 'DEN', 'CLE', '1:00 PM', 'CBS', 'DEN', 10, 8, '2015-2016'),
(85, 85, 6, '2015-10-18 00:00:00', 'HOU', 'JAC', '1:00 PM', 'CBS', 'HOU', 13, 15, '2015-2016'),
(86, 86, 6, '2015-10-18 00:00:00', 'MIA', 'TEN', '1:00 PM', 'CBS', 'MIA', 17, 31, '2015-2016'),
(87, 87, 6, '2015-10-18 00:00:00', 'CAR', 'SEA', '4:05 PM', 'FOX', 'CAR', 5, 28, '2015-2016'),
(88, 88, 6, '2015-10-18 00:00:00', 'SD', 'GB', '4:25 PM', 'CBS', 'GB', 12, 26, '2015-2016'),
(89, 89, 6, '2015-10-18 00:00:00', 'BAL', 'SF', '4:25 PM', 'CBS', 'SF', 27, 3, '2015-2016'),
(90, 90, 6, '2015-10-18 00:00:00', 'NE', 'IND', '8:30 PM', 'NBC', 'NE', 21, 14, '2015-2016'),
(91, 91, 6, '2015-10-19 00:00:00', 'NYG', 'PHI', '8:30 PM', 'ESPN', 'PHI', 24, 19, '2015-2016'),
(92, 92, 7, '2015-10-22 00:00:00', 'SEA', 'SF', '8:25 PM', 'CBS', 'SEA', 28, 27, '2015-2016'),
(93, 93, 7, '2015-10-25 00:00:00', 'BUF', 'JAC', '9:30 AM', 'ESPN', 'JAC', 15, 4, '2015-2016'),
(94, 94, 7, '2015-10-25 00:00:00', 'TB', 'WAS', '1:00 PM', 'FOX', 'WAS', 32, 30, '2015-2016'),
(95, 95, 7, '2015-10-25 00:00:00', 'ATL', 'TEN', '1:00 PM', 'FOX', 'ATL', 2, 31, '2015-2016'),
(96, 96, 7, '2015-10-25 00:00:00', 'NO', 'IND', '1:00 PM', 'FOX', 'NO', 22, 14, '2015-2016'),
(97, 97, 7, '2015-10-25 00:00:00', 'MIN', 'DET', '1:00 PM', 'FOX', 'MIN', 18, 11, '2015-2016'),
(98, 98, 7, '2015-10-25 00:00:00', 'PIT', 'KC', '1:00 PM', 'CBS', 'KC', 16, 25, '2015-2016'),
(99, 99, 7, '2015-10-25 00:00:00', 'CLE', 'STL', '1:00 PM', 'CBS', 'STL', 29, 8, '2015-2016'),
(100, 100, 7, '2015-10-25 00:00:00', 'HOU', 'MIA', '1:00 PM', 'CBS', 'MIA', 17, 13, '2015-2016'),
(101, 101, 7, '2015-10-25 00:00:00', 'NYJ', 'NE', '1:00 PM', 'CBS', 'NE', 21, 20, '2015-2016'),
(102, 102, 7, '2015-10-25 00:00:00', 'OAK', 'SD', '4:05 PM', 'CBS', 'OAK', 23, 26, '2015-2016'),
(103, 103, 7, '2015-10-25 00:00:00', 'DAL', 'NYG', '4:25 PM', 'FOX', 'NYG', 19, 9, '2015-2016'),
(104, 104, 7, '2015-10-25 00:00:00', 'PHI', 'CAR', '8:30 PM', 'NBC', 'CAR', 5, 24, '2015-2016'),
(105, 105, 7, '2015-10-26 00:00:00', 'BAL', 'ARI', '8:30 PM', 'ESPN', 'ARI', 1, 3, '2015-2016'),
(106, 106, 8, '2015-10-29 00:00:00', 'MIA', 'NE', '8:25 PM', 'CBS', 'NE', 21, 17, '2015-2016'),
(107, 107, 8, '2015-11-01 00:00:00', 'DET', 'KC', '9:30 AM', 'FOX', 'KC', 16, 11, '2015-2016'),
(108, 108, 8, '2015-11-01 00:00:00', 'TB', 'ATL', '1:00 PM', 'FOX', 'TB', 30, 2, '2015-2016'),
(109, 109, 8, '2015-11-01 00:00:00', 'ARI', 'CLE', '1:00 PM', 'FOX', 'ARI', 1, 8, '2015-2016'),
(110, 110, 8, '2015-11-01 00:00:00', 'SF', 'STL', '1:00 PM', 'FOX', 'STL', 29, 27, '2015-2016'),
(111, 111, 8, '2015-11-01 00:00:00', 'NYG', 'NO', '1:00 PM', 'FOX', 'NO', 22, 19, '2015-2016'),
(112, 112, 8, '2015-11-01 00:00:00', 'MIN', 'CHI', '1:00 PM', 'FOX', 'MIN', 18, 6, '2015-2016'),
(113, 113, 8, '2015-11-01 00:00:00', 'SD', 'BAL', '1:00 PM', 'CBS', 'BAL', 3, 26, '2015-2016'),
(114, 114, 8, '2015-11-01 00:00:00', 'CIN', 'PIT', '1:00 PM', 'CBS', 'CIN', 7, 25, '2015-2016'),
(115, 115, 8, '2015-11-01 00:00:00', 'TEN', 'HOU', '1:00 PM', 'CBS', 'HOU', 13, 31, '2015-2016'),
(116, 116, 8, '2015-11-01 00:00:00', 'NYJ', 'OAK', '4:05 PM', 'CBS', 'OAK', 23, 20, '2015-2016'),
(117, 117, 8, '2015-11-01 00:00:00', 'SEA', 'DAL', '4:25 PM', 'FOX', 'SEA', 28, 9, '2015-2016'),
(118, 118, 8, '2015-11-01 00:00:00', 'GB', 'DEN', '8:30 PM', 'NBC', 'DEN', 10, 12, '2015-2016'),
(119, 119, 8, '2015-11-02 00:00:00', 'IND', 'CAR', '8:30 PM', 'ESPN', 'CAR', 5, 14, '2015-2016'),
(120, 120, 9, '2015-11-05 00:00:00', 'CLE', 'CIN', '8:25 PM', 'NFL', 'CIN', 7, 8, '2015-2016'),
(121, 121, 9, '2015-11-08 00:00:00', 'GB', 'CAR', '1:00 PM', 'FOX', 'CAR', 5, 12, '2015-2016'),
(122, 122, 9, '2015-11-08 00:00:00', 'WAS', 'NE', '1:00 PM', 'FOX', 'NE', 21, 32, '2015-2016'),
(123, 123, 9, '2015-11-08 00:00:00', 'TEN', 'NO', '1:00 PM', 'CBS', 'TEN', 31, 22, '2015-2016'),
(124, 124, 9, '2015-11-08 00:00:00', 'MIA', 'BUF', '1:00 PM', 'CBS', 'BUF', 4, 17, '2015-2016'),
(125, 125, 9, '2015-11-08 00:00:00', 'STL', 'MIN', '1:00 PM', 'FOX', 'MIN', 18, 29, '2015-2016'),
(126, 126, 9, '2015-11-08 00:00:00', 'JAC', 'NYJ', '1:00 PM', 'CBS', 'NYJ', 20, 15, '2015-2016'),
(127, 127, 9, '2015-11-08 00:00:00', 'OAK', 'PIT', '1:00 PM', 'CBS', 'PIT', 25, 23, '2015-2016'),
(128, 128, 9, '2015-11-08 00:00:00', 'NYG', 'TB', '4:05 PM', 'FOX', 'NYG', 19, 30, '2015-2016'),
(129, 129, 9, '2015-11-08 00:00:00', 'ATL', 'SF', '4:05 PM', 'FOX', 'SF', 27, 2, '2015-2016'),
(130, 130, 9, '2015-11-08 00:00:00', 'DEN', 'IND', '4:25 PM', 'CBS', 'IND', 14, 10, '2015-2016'),
(131, 131, 9, '2015-11-08 00:00:00', 'PHI', 'DAL', '8:30 PM', 'NBC', 'PHI', 24, 9, '2015-2016'),
(132, 132, 9, '2015-11-09 00:00:00', 'CHI', 'SD', '8:30 PM', 'ESPN', 'CHI', 6, 26, '2015-2016'),
(133, 133, 10, '2015-11-12 00:00:00', 'BUF', 'NYJ', '8:25 PM', 'NFL', 'BUF', 4, 20, '2015-2016'),
(134, 134, 10, '2015-11-15 00:00:00', 'DET', 'GB', '1:00 PM', 'FOX', '', 0, 0, '2015-2016'),
(135, 135, 10, '2015-11-15 00:00:00', 'DAL', 'TB', '1:00 PM', 'FOX', '', 0, 0, '2015-2016'),
(136, 136, 10, '2015-11-15 00:00:00', 'CAR', 'TEN', '1:00 PM', 'FOX', '', 0, 0, '2015-2016'),
(137, 137, 10, '2015-11-15 00:00:00', 'CHI', 'STL', '1:00 PM', 'FOX', '', 0, 0, '2015-2016'),
(138, 138, 10, '2015-11-15 00:00:00', 'NO', 'WAS', '1:00 PM', 'FOX', '', 0, 0, '2015-2016'),
(139, 139, 10, '2015-11-15 00:00:00', 'MIA', 'PHI', '1:00 PM', 'CBS', '', 0, 0, '2015-2016'),
(140, 140, 10, '2015-11-15 00:00:00', 'CLE', 'PIT', '1:00 PM', 'CBS', '', 0, 0, '2015-2016'),
(141, 141, 10, '2015-11-15 00:00:00', 'JAC', 'BAL', '1:00 PM', 'CBS', '', 0, 0, '2015-2016'),
(142, 142, 10, '2015-11-15 00:00:00', 'MIN', 'OAK', '4:05 PM', 'FOX', '', 0, 0, '2015-2016'),
(143, 143, 10, '2015-11-15 00:00:00', 'NE', 'NYG', '4:25 PM', 'CBS', '', 0, 0, '2015-2016'),
(144, 144, 10, '2015-11-15 00:00:00', 'KC', 'DEN', '4:25 PM', 'CBS', '', 0, 0, '2015-2016'),
(145, 145, 10, '2015-11-15 00:00:00', 'ARI', 'SEA', '8:30 PM', 'NBC', '', 0, 0, '2015-2016'),
(146, 146, 10, '2015-11-16 00:00:00', 'HOU', 'CIN', '8:30 PM', 'ESPN', '', 0, 0, '2015-2016'),
(147, 147, 11, '2015-11-19 00:00:00', 'TEN', 'JAC', '8:25 PM', 'NFL', '', 0, 0, '2015-2016'),
(148, 148, 11, '2015-11-22 00:00:00', 'OAK', 'DET', '1:00 PM', 'CBS', '', 0, 0, '2015-2016'),
(149, 149, 11, '2015-11-22 00:00:00', 'IND', 'ATL', '1:00 PM', 'CBS', '', 0, 0, '2015-2016'),
(150, 150, 11, '2015-11-22 00:00:00', 'NYJ', 'HOU', '1:00 PM', 'CBS', '', 0, 0, '2015-2016'),
(151, 151, 11, '2015-11-22 00:00:00', 'TB', 'PHI', '1:00 PM', 'FOX', '', 0, 0, '2015-2016'),
(152, 152, 11, '2015-11-22 00:00:00', 'DEN', 'CHI', '1:00 PM', 'CBS', '', 0, 0, '2015-2016'),
(153, 153, 11, '2015-11-22 00:00:00', 'GB', 'MIN', '1:00 PM', 'FOX', '', 0, 0, '2015-2016'),
(154, 154, 11, '2015-11-22 00:00:00', 'STL', 'BAL', '1:00 PM', 'FOX', '', 0, 0, '2015-2016'),
(155, 155, 11, '2015-11-22 00:00:00', 'DAL', 'MIA', '1:00 PM', 'FOX', '', 0, 0, '2015-2016'),
(156, 156, 11, '2015-11-22 00:00:00', 'WAS', 'CAR', '1:00 PM', 'FOX', '', 0, 0, '2015-2016'),
(157, 157, 11, '2015-11-22 00:00:00', 'CIN', 'ARI', '4:05 PM', 'CBS', '', 0, 0, '2015-2016'),
(158, 158, 11, '2015-11-22 00:00:00', 'SF', 'SEA', '4:25 PM', 'FOX', '', 0, 0, '2015-2016'),
(159, 159, 11, '2015-11-22 00:00:00', 'KC', 'SD', '8:30 PM', 'NBC', '', 0, 0, '2015-2016'),
(160, 160, 11, '2015-11-23 00:00:00', 'BUF', 'NE', '8:30 PM', 'ESPN', '', 0, 0, '2015-2016'),
(161, 161, 12, '2015-11-26 00:00:00', 'PHI', 'DET', '12:30 PM', 'FOX', '', 0, 0, '2015-2016'),
(162, 162, 12, '2015-11-26 00:00:00', 'CAR', 'DAL', '4:30 PM', 'CBS', '', 0, 0, '2015-2016'),
(163, 163, 12, '2015-11-26 00:00:00', 'CHI', 'GB', '8:30 PM', 'NBC', '', 0, 0, '2015-2016'),
(164, 164, 12, '2015-11-29 00:00:00', 'OAK', 'TEN', '1:00 PM', 'CBS', '', 0, 0, '2015-2016'),
(165, 165, 12, '2015-11-29 00:00:00', 'BUF', 'KC', '1:00 PM', 'CBS', '', 0, 0, '2015-2016'),
(166, 166, 12, '2015-11-29 00:00:00', 'TB', 'IND', '1:00 PM', 'FOX', '', 0, 0, '2015-2016'),
(167, 167, 12, '2015-11-29 00:00:00', 'NYG', 'WAS', '1:00 PM', 'FOX', '', 0, 0, '2015-2016'),
(168, 168, 12, '2015-11-29 00:00:00', 'NO', 'HOU', '1:00 PM', 'FOX', '', 0, 0, '2015-2016'),
(169, 169, 12, '2015-11-29 00:00:00', 'MIN', 'ATL', '1:00 PM', 'FOX', '', 0, 0, '2015-2016'),
(170, 170, 12, '2015-11-29 00:00:00', 'STL', 'CIN', '1:00 PM', 'FOX', '', 0, 0, '2015-2016'),
(171, 171, 12, '2015-11-29 00:00:00', 'SD', 'JAC', '1:00 PM', 'CBS', '', 0, 0, '2015-2016'),
(172, 172, 12, '2015-11-29 00:00:00', 'MIA', 'NYJ', '1:00 PM', 'CBS', '', 0, 0, '2015-2016'),
(173, 173, 12, '2015-11-29 00:00:00', 'ARI', 'SF', '4:05 PM', 'FOX', '', 0, 0, '2015-2016'),
(174, 174, 12, '2015-11-29 00:00:00', 'PIT', 'SEA', '4:25 PM', 'CBS', '', 0, 0, '2015-2016'),
(175, 175, 12, '2015-11-29 00:00:00', 'NE', 'DEN', '8:30 PM', 'NBC', '', 0, 0, '2015-2016'),
(176, 176, 12, '2015-11-30 00:00:00', 'BAL', 'CLE', '8:30 PM', 'ESPN', '', 0, 0, '2015-2016'),
(177, 177, 13, '2015-12-03 00:00:00', 'GB', 'DET', '8:25 PM', 'CBS', '', 0, 0, '2015-2016'),
(178, 178, 13, '2015-12-06 00:00:00', 'NYJ', 'NYG', '1:00 PM', 'CBS', '', 0, 0, '2015-2016'),
(179, 179, 13, '2015-12-06 00:00:00', 'ARI', 'STL', '1:00 PM', 'FOX', '', 0, 0, '2015-2016'),
(180, 180, 13, '2015-12-06 00:00:00', 'ATL', 'TB', '1:00 PM', 'FOX', '', 0, 0, '2015-2016'),
(181, 181, 13, '2015-12-06 00:00:00', 'CAR', 'NO', '1:00 PM', 'FOX', '', 0, 0, '2015-2016'),
(182, 182, 13, '2015-12-06 00:00:00', 'SEA', 'MIN', '1:00 PM', 'FOX', '', 0, 0, '2015-2016'),
(183, 183, 13, '2015-12-06 00:00:00', 'HOU', 'BUF', '1:00 PM', 'CBS', '', 0, 0, '2015-2016'),
(184, 184, 13, '2015-12-06 00:00:00', 'BAL', 'MIA', '1:00 PM', 'CBS', '', 0, 0, '2015-2016'),
(185, 185, 13, '2015-12-06 00:00:00', 'CIN', 'CLE', '1:00 PM', 'CBS', '', 0, 0, '2015-2016'),
(186, 186, 13, '2015-12-06 00:00:00', 'JAC', 'TEN', '1:00 PM', 'CBS', '', 0, 0, '2015-2016'),
(187, 187, 13, '2015-12-06 00:00:00', 'SF', 'CHI', '1:00 PM', 'FOX', '', 0, 0, '2015-2016'),
(188, 188, 13, '2015-12-06 00:00:00', 'DEN', 'SD', '4:05 PM', 'CBS', '', 0, 0, '2015-2016'),
(189, 189, 13, '2015-12-06 00:00:00', 'KC', 'OAK', '4:05 PM', 'CBS', '', 0, 0, '2015-2016'),
(190, 190, 13, '2015-12-06 00:00:00', 'PHI', 'NE', '4:25 PM', 'FOX', '', 0, 0, '2015-2016'),
(191, 191, 13, '2015-12-06 00:00:00', 'IND', 'PIT', '8:30 PM', 'NBC', '', 0, 0, '2015-2016'),
(192, 192, 13, '2015-12-07 00:00:00', 'DAL', 'WAS', '8:30 PM', 'ESPN', '', 0, 0, '2015-2016'),
(193, 193, 14, '2015-12-10 00:00:00', 'MIN', 'ARI', '8:25 PM', 'NFL', '', 0, 0, '2015-2016'),
(194, 194, 14, '2015-12-13 00:00:00', 'BUF', 'PHI', '1:00 PM', 'CBS', '', 0, 0, '2015-2016'),
(195, 195, 14, '2015-12-13 00:00:00', 'SF', 'CLE', '1:00 PM', 'FOX', '', 0, 0, '2015-2016'),
(196, 196, 14, '2015-12-13 00:00:00', 'DET', 'STL', '1:00 PM', 'FOX', '', 0, 0, '2015-2016'),
(197, 197, 14, '2015-12-13 00:00:00', 'NO', 'TB', '1:00 PM', 'FOX', '', 0, 0, '2015-2016'),
(198, 198, 14, '2015-12-13 00:00:00', 'TEN', 'NYJ', '1:00 PM', 'CBS', '', 0, 0, '2015-2016'),
(199, 199, 14, '2015-12-13 00:00:00', 'PIT', 'CIN', '1:00 PM', 'CBS', '', 0, 0, '2015-2016'),
(200, 200, 14, '2015-12-13 00:00:00', 'NE', 'HOU', '1:00 PM', 'CBS', '', 0, 0, '2015-2016'),
(201, 201, 14, '2015-12-13 00:00:00', 'IND', 'JAC', '1:00 PM', 'CBS', '', 0, 0, '2015-2016'),
(202, 202, 14, '2015-12-13 00:00:00', 'SD', 'KC', '1:00 PM', 'CBS', '', 0, 0, '2015-2016'),
(203, 203, 14, '2015-12-13 00:00:00', 'WAS', 'CHI', '1:00 PM', 'FOX', '', 0, 0, '2015-2016'),
(204, 204, 14, '2015-12-13 00:00:00', 'ATL', 'CAR', '1:00 PM', 'FOX', '', 0, 0, '2015-2016'),
(205, 205, 14, '2015-12-13 00:00:00', 'OAK', 'DEN', '4:05 PM', 'CBS', '', 0, 0, '2015-2016'),
(206, 206, 14, '2015-12-13 00:00:00', 'DAL', 'GB', '4:25 PM', 'FOX', '', 0, 0, '2015-2016'),
(207, 207, 14, '2015-12-13 00:00:00', 'SEA', 'BAL', '8:30 PM', 'NBC', '', 0, 0, '2015-2016'),
(208, 208, 14, '2015-12-14 00:00:00', 'NYG', 'MIA', '8:30 PM', 'ESPN', '', 0, 0, '2015-2016'),
(209, 209, 15, '2015-12-17 00:00:00', 'TB', 'STL', '8:25 PM', 'NFL', '', 0, 0, '2015-2016'),
(210, 210, 15, '2015-12-19 00:00:00', 'NYJ', 'DAL', '8:25 PM', 'NFL', '', 0, 0, '2015-2016'),
(211, 211, 15, '2015-12-20 00:00:00', 'CHI', 'MIN', '1:00 PM', 'FOX', '', 0, 0, '2015-2016'),
(212, 212, 15, '2015-12-20 00:00:00', 'ATL', 'JAC', '1:00 PM', 'FOX', '', 0, 0, '2015-2016'),
(213, 213, 15, '2015-12-20 00:00:00', 'HOU', 'IND', '1:00 PM', 'CBS', '', 0, 0, '2015-2016'),
(214, 214, 15, '2015-12-20 00:00:00', 'ARI', 'PHI', '1:00 PM', 'FOX', '', 0, 0, '2015-2016'),
(215, 215, 15, '2015-12-20 00:00:00', 'CAR', 'NYG', '1:00 PM', 'FOX', '', 0, 0, '2015-2016'),
(216, 216, 15, '2015-12-20 00:00:00', 'TEN', 'NE', '1:00 PM', 'CBS', '', 0, 0, '2015-2016'),
(217, 217, 15, '2015-12-20 00:00:00', 'BUF', 'WAS', '1:00 PM', 'CBS', '', 0, 0, '2015-2016'),
(218, 218, 15, '2015-12-20 00:00:00', 'KC', 'BAL', '1:00 PM', 'CBS', '', 0, 0, '2015-2016'),
(219, 219, 15, '2015-12-20 00:00:00', 'CLE', 'SEA', '4:05 PM', 'FOX', '', 0, 0, '2015-2016'),
(220, 220, 15, '2015-12-20 00:00:00', 'GB', 'OAK', '4:05 PM', 'FOX', '', 0, 0, '2015-2016'),
(221, 221, 15, '2015-12-20 00:00:00', 'DEN', 'PIT', '4:25 PM', 'CBS', '', 0, 0, '2015-2016'),
(222, 222, 15, '2015-12-20 00:00:00', 'MIA', 'SD', '4:25 PM', 'CBS', '', 0, 0, '2015-2016'),
(223, 223, 15, '2015-12-20 00:00:00', 'CIN', 'SF', '8:30 PM', 'NBC', '', 0, 0, '2015-2016'),
(224, 224, 15, '2015-12-21 00:00:00', 'DET', 'NO', '8:30 PM', 'ESPN', '', 0, 0, '2015-2016'),
(225, 225, 16, '2015-12-24 00:00:00', 'SD', 'OAK', '8:25 PM', 'NFL', '', 0, 0, '2015-2016'),
(226, 226, 16, '2015-12-26 00:00:00', 'WAS', 'PHI', '8:25 PM', 'NFL', '', 0, 0, '2015-2016'),
(227, 227, 16, '2015-12-27 00:00:00', 'NE', 'NYJ', '1:00 PM', 'CBS', '', 0, 0, '2015-2016'),
(228, 228, 16, '2015-12-27 00:00:00', 'HOU', 'TEN', '1:00 PM', 'CBS', '', 0, 0, '2015-2016'),
(229, 229, 16, '2015-12-27 00:00:00', 'CLE', 'KC', '1:00 PM', 'CBS', '', 0, 0, '2015-2016'),
(230, 230, 16, '2015-12-27 00:00:00', 'IND', 'MIA', '1:00 PM', 'CBS', '', 0, 0, '2015-2016'),
(231, 231, 16, '2015-12-27 00:00:00', 'JAC', 'NO', '1:00 PM', 'CBS', '', 0, 0, '2015-2016'),
(232, 232, 16, '2015-12-27 00:00:00', 'SF', 'DET', '1:00 PM', 'FOX', '', 0, 0, '2015-2016'),
(233, 233, 16, '2015-12-27 00:00:00', 'DAL', 'BUF', '1:00 PM', 'FOX', '', 0, 0, '2015-2016'),
(234, 234, 16, '2015-12-27 00:00:00', 'CHI', 'TB', '1:00 PM', 'FOX', '', 0, 0, '2015-2016'),
(235, 235, 16, '2015-12-27 00:00:00', 'CAR', 'ATL', '1:00 PM', 'FOX', '', 0, 0, '2015-2016'),
(236, 236, 16, '2015-12-27 00:00:00', 'NYG', 'MIN', '1:00 PM', 'FOX', '', 0, 0, '2015-2016'),
(237, 237, 16, '2015-12-27 00:00:00', 'STL', 'SEA', '4:25 PM', 'FOX', '', 0, 0, '2015-2016'),
(238, 238, 16, '2015-12-27 00:00:00', 'GB', 'ARI', '4:25 PM', 'FOX', '', 0, 0, '2015-2016'),
(239, 239, 16, '2015-12-27 00:00:00', 'PIT', 'BAL', '8:30 PM', 'NBC', '', 0, 0, '2015-2016'),
(240, 240, 16, '2015-12-28 00:00:00', 'CIN', 'DEN', '8:30 PM', 'ESPN', '', 0, 0, '2015-2016'),
(241, 241, 17, '2016-01-03 00:00:00', 'NYJ', 'BUF', '1:00 PM', 'CBS', '', 0, 0, '2015-2016'),
(242, 242, 17, '2016-01-03 00:00:00', 'NE', 'MIA', '1:00 PM', 'CBS', '', 0, 0, '2015-2016'),
(243, 243, 17, '2016-01-03 00:00:00', 'TB', 'CAR', '1:00 PM', 'FOX', '', 0, 0, '2015-2016'),
(244, 244, 17, '2016-01-03 00:00:00', 'NO', 'ATL', '1:00 PM', 'FOX', '', 0, 0, '2015-2016'),
(245, 245, 17, '2016-01-03 00:00:00', 'BAL', 'CIN', '1:00 PM', 'CBS', '', 0, 0, '2015-2016'),
(246, 246, 17, '2016-01-03 00:00:00', 'PIT', 'CLE', '1:00 PM', 'CBS', '', 0, 0, '2015-2016'),
(247, 247, 17, '2016-01-03 00:00:00', 'JAC', 'HOU', '1:00 PM', 'CBS', '', 0, 0, '2015-2016'),
(248, 248, 17, '2016-01-03 00:00:00', 'TEN', 'IND', '1:00 PM', 'CBS', '', 0, 0, '2015-2016'),
(249, 249, 17, '2016-01-03 00:00:00', 'OAK', 'KC', '1:00 PM', 'CBS', '', 0, 0, '2015-2016'),
(250, 250, 17, '2016-01-03 00:00:00', 'WAS', 'DAL', '1:00 PM', 'FOX', '', 0, 0, '2015-2016'),
(251, 251, 17, '2016-01-03 00:00:00', 'PHI', 'NYG', '1:00 PM', 'FOX', '', 0, 0, '2015-2016'),
(252, 252, 17, '2016-01-03 00:00:00', 'DET', 'CHI', '1:00 PM', 'FOX', '', 0, 0, '2015-2016'),
(253, 253, 17, '2016-01-03 00:00:00', 'MIN', 'GB', '1:00 PM', 'FOX', '', 0, 0, '2015-2016'),
(254, 254, 17, '2016-01-03 00:00:00', 'SD', 'DEN', '4:25 PM', 'CBS', '', 0, 0, '2015-2016'),
(255, 255, 17, '2016-01-03 00:00:00', 'SEA', 'ARI', '4:25 PM', 'FOX', '', 0, 0, '2015-2016'),
(256, 256, 17, '2016-01-03 00:00:00', 'STL', 'SF', '4:25 PM', 'FOX', '', 0, 0, '2015-2016');

-- --------------------------------------------------------

--
-- Table structure for table `kh_group`
--

CREATE TABLE IF NOT EXISTS `kh_group` (
  `id` int(11) NOT NULL AUTO_INCREMENT,
  `name` varchar(150) NOT NULL,
  `is_default` tinyint(1) NOT NULL DEFAULT '0' COMMENT 'Specifies whether this permission is a default setting for new accounts.',
  `can_delete` tinyint(1) NOT NULL DEFAULT '0' COMMENT 'Specifies whether this permission can be deleted from the control panel.',
  `theme` varchar(100) NOT NULL DEFAULT 'default' COMMENT 'The theme assigned to primary users in this group.',
  `landing_page` varchar(200) NOT NULL DEFAULT 'account' COMMENT 'The page to take primary members to when they first log in.',
  `new_user_title` varchar(200) NOT NULL DEFAULT 'New User' COMMENT 'The default title to assign to new primary users.',
  `icon` varchar(100) NOT NULL DEFAULT 'fa fa-user' COMMENT 'The icon representing primary users in this group.',
  PRIMARY KEY (`id`)
) ENGINE=InnoDB  DEFAULT CHARSET=utf8 AUTO_INCREMENT=3 ;

--
-- Dumping data for table `kh_group`
--

INSERT INTO `kh_group` (`id`, `name`, `is_default`, `can_delete`, `theme`, `landing_page`, `new_user_title`, `icon`) VALUES
(1, 'User', 2, 0, 'default', 'players', 'New User', 'fa fa-user'),
(2, 'Administrator', 0, 0, 'default', 'users', 'Brood Spawn', 'fa fa-flag');

-- --------------------------------------------------------

--
-- Table structure for table `kh_group_user`
--

CREATE TABLE IF NOT EXISTS `kh_group_user` (
  `id` int(10) unsigned NOT NULL AUTO_INCREMENT,
  `user_id` int(10) unsigned NOT NULL,
  `group_id` int(10) unsigned NOT NULL,
  PRIMARY KEY (`id`)
) ENGINE=InnoDB  DEFAULT CHARSET=utf8 COMMENT='Maps users to their group(s)' AUTO_INCREMENT=101 ;

--
-- Dumping data for table `kh_group_user`
--

INSERT INTO `kh_group_user` (`id`, `user_id`, `group_id`) VALUES
(2, 1, 2),
(3, 2, 1),
(5, 1, 1),
(10, 5, 1),
(17, 11, 1),
(19, 13, 1),
(20, 14, 1),
(21, 15, 1),
(22, 16, 1),
(23, 17, 1),
(24, 18, 1),
(25, 19, 1),
(26, 20, 1),
(27, 21, 1),
(28, 22, 1),
(29, 23, 1),
(30, 24, 1),
(31, 25, 1),
(32, 26, 1),
(33, 27, 1),
(34, 28, 1),
(35, 29, 1),
(36, 30, 1),
(37, 31, 1),
(38, 32, 1),
(39, 33, 1),
(40, 34, 1),
(41, 35, 1),
(42, 36, 1),
(43, 37, 1),
(44, 38, 1),
(45, 39, 1),
(46, 40, 1),
(47, 41, 1),
(48, 42, 1),
(49, 43, 1),
(50, 44, 1),
(51, 45, 1),
(52, 46, 1),
(53, 47, 1),
(54, 48, 1),
(55, 49, 1),
(56, 50, 1),
(57, 51, 1),
(58, 52, 1),
(59, 53, 1),
(60, 54, 1),
(61, 55, 1),
(62, 56, 1),
(63, 57, 1),
(64, 58, 1),
(65, 59, 1),
(66, 60, 1),
(67, 61, 1),
(68, 62, 1),
(69, 63, 1),
(71, 65, 1),
(72, 66, 1),
(73, 67, 1),
(74, 68, 1),
(75, 69, 1),
(76, 70, 1),
(77, 71, 1),
(78, 72, 1),
(79, 73, 1),
(80, 74, 1),
(81, 75, 1),
(82, 76, 1),
(83, 77, 1),
(84, 78, 1),
(85, 79, 1),
(86, 80, 1),
(87, 81, 1),
(88, 82, 1),
(89, 83, 1),
(90, 84, 1),
(91, 85, 1),
(92, 86, 1),
(93, 87, 1),
(95, 89, 1),
(96, 90, 1),
(97, 91, 1),
(98, 92, 1),
(99, 93, 1),
(100, 94, 1);

-- --------------------------------------------------------

--
-- Table structure for table `kh_payments`
--

CREATE TABLE IF NOT EXISTS `kh_payments` (
  `id` int(11) NOT NULL AUTO_INCREMENT,
  `user_id` int(11) NOT NULL,
  `num_players` int(11) NOT NULL DEFAULT '0',
  `total_amount` int(11) NOT NULL DEFAULT '0',
  `amount_due` int(11) NOT NULL DEFAULT '0',
  `amount_paid` int(11) NOT NULL DEFAULT '0',
  `last_payment_date` datetime NOT NULL,
  PRIMARY KEY (`id`)
) ENGINE=MyISAM  DEFAULT CHARSET=utf8 COLLATE=utf8_unicode_ci AUTO_INCREMENT=92 ;

--
-- Dumping data for table `kh_payments`
--

INSERT INTO `kh_payments` (`id`, `user_id`, `num_players`, `total_amount`, `amount_due`, `amount_paid`, `last_payment_date`) VALUES
(6, 5, 1, 30, 30, 0, '0000-00-00 00:00:00'),
(82, 84, 1, 30, 30, 0, '0000-00-00 00:00:00'),
(8, 9, 0, 0, 0, 0, '0000-00-00 00:00:00'),
(9, 11, 0, 0, 0, 0, '0000-00-00 00:00:00'),
(10, 13, 2, 60, 60, 0, '0000-00-00 00:00:00'),
(11, 14, 2, 30, 30, 0, '0000-00-00 00:00:00'),
(12, 15, 1, 30, 30, 0, '0000-00-00 00:00:00'),
(13, 16, 1, 30, 30, 0, '0000-00-00 00:00:00'),
(14, 17, 1, 30, 30, 0, '0000-00-00 00:00:00'),
(15, 18, 1, 30, 30, 0, '0000-00-00 00:00:00'),
(16, 19, 1, 30, 30, 0, '0000-00-00 00:00:00'),
(17, 20, 1, 30, 30, 0, '0000-00-00 00:00:00'),
(18, 21, 1, 30, 30, 0, '0000-00-00 00:00:00'),
(19, 22, 1, 30, 30, 0, '0000-00-00 00:00:00'),
(20, 23, 2, 60, 60, 0, '0000-00-00 00:00:00'),
(21, 24, 2, 60, 60, 0, '0000-00-00 00:00:00'),
(22, 25, 1, 30, 30, 0, '0000-00-00 00:00:00'),
(23, 26, 2, 60, 60, 0, '0000-00-00 00:00:00'),
(24, 27, 5, 150, 150, 0, '0000-00-00 00:00:00'),
(25, 28, 1, 30, 30, 0, '0000-00-00 00:00:00'),
(26, 29, 1, 30, 30, 0, '0000-00-00 00:00:00'),
(27, 30, 1, 30, 30, 0, '0000-00-00 00:00:00'),
(28, 31, 1, 30, 30, 0, '0000-00-00 00:00:00'),
(29, 32, 1, 30, 30, 0, '0000-00-00 00:00:00'),
(30, 33, 1, 30, 30, 0, '0000-00-00 00:00:00'),
(31, 34, 1, 30, 30, 0, '0000-00-00 00:00:00'),
(32, 35, 2, 60, 60, 0, '0000-00-00 00:00:00'),
(33, 36, 1, 30, 30, 0, '0000-00-00 00:00:00'),
(34, 37, 2, 60, 60, 0, '0000-00-00 00:00:00'),
(35, 38, 1, 30, 30, 0, '0000-00-00 00:00:00'),
(36, 39, 1, 30, 30, 0, '0000-00-00 00:00:00'),
(37, 40, 1, 30, 30, 0, '0000-00-00 00:00:00'),
(38, 41, 1, 30, 30, 0, '0000-00-00 00:00:00'),
(39, 42, 2, 60, 60, 0, '0000-00-00 00:00:00'),
(40, 43, 1, 30, 30, 0, '0000-00-00 00:00:00'),
(41, 44, 2, 60, 60, 0, '0000-00-00 00:00:00'),
(42, 45, 1, 30, 30, 0, '0000-00-00 00:00:00'),
(43, 46, 3, 90, 90, 0, '0000-00-00 00:00:00'),
(44, 47, 1, 30, 30, 0, '0000-00-00 00:00:00'),
(45, 48, 3, 90, 90, 0, '0000-00-00 00:00:00'),
(46, 49, 1, 30, 30, 0, '0000-00-00 00:00:00'),
(47, 50, 1, 30, 30, 0, '0000-00-00 00:00:00'),
(48, 51, 1, 30, 30, 0, '0000-00-00 00:00:00'),
(49, 52, 1, 30, 30, 0, '0000-00-00 00:00:00'),
(50, 53, 1, 30, 30, 0, '0000-00-00 00:00:00'),
(51, 54, 1, 30, 30, 0, '0000-00-00 00:00:00'),
(52, 55, 1, 30, 30, 0, '0000-00-00 00:00:00'),
(53, 56, 2, 60, 60, 0, '0000-00-00 00:00:00'),
(54, 57, 2, 60, 60, 0, '0000-00-00 00:00:00'),
(55, 58, 1, 30, 30, 0, '0000-00-00 00:00:00'),
(56, 59, 1, 30, 30, 0, '0000-00-00 00:00:00'),
(57, 60, 1, 30, 30, 0, '0000-00-00 00:00:00'),
(58, 61, 2, 60, 60, 0, '0000-00-00 00:00:00'),
(59, 62, 2, 60, 60, 0, '0000-00-00 00:00:00'),
(60, 63, 1, 30, 30, 0, '0000-00-00 00:00:00'),
(61, 64, 0, 0, 0, 0, '0000-00-00 00:00:00'),
(62, 65, 1, 30, 30, 0, '0000-00-00 00:00:00'),
(63, 66, 1, 30, 30, 0, '0000-00-00 00:00:00'),
(64, 67, 2, 60, 60, 0, '0000-00-00 00:00:00'),
(65, 68, 1, 30, 30, 0, '0000-00-00 00:00:00'),
(66, 69, 1, 30, 30, 0, '0000-00-00 00:00:00'),
(67, 70, 1, 30, 30, 0, '0000-00-00 00:00:00'),
(68, 71, 1, 30, 30, 0, '0000-00-00 00:00:00'),
(69, 72, 1, 30, 30, 0, '0000-00-00 00:00:00'),
(70, 73, 3, 90, 90, 0, '0000-00-00 00:00:00'),
(71, 74, 3, 90, 90, 0, '0000-00-00 00:00:00'),
(72, 75, 3, 90, 90, 0, '0000-00-00 00:00:00'),
(73, 76, 2, 60, 60, 0, '0000-00-00 00:00:00'),
(74, 77, 2, 60, 60, 0, '0000-00-00 00:00:00'),
(75, 78, 3, 90, 90, 0, '0000-00-00 00:00:00'),
(76, 79, 1, 30, 30, 0, '0000-00-00 00:00:00'),
(77, 80, 2, 60, 60, 0, '0000-00-00 00:00:00'),
(78, 81, 5, 150, 150, 0, '0000-00-00 00:00:00'),
(79, 82, 2, 60, 60, 0, '0000-00-00 00:00:00'),
(80, 83, 2, 0, 0, 0, '0000-00-00 00:00:00'),
(81, 2, 1, 0, 0, 0, '0000-00-00 00:00:00'),
(83, 85, 1, 30, 30, 0, '0000-00-00 00:00:00'),
(84, 86, 2, 60, 60, 0, '0000-00-00 00:00:00'),
(85, 87, 2, 60, 60, 0, '0000-00-00 00:00:00'),
(86, 88, 0, 0, 0, 0, '0000-00-00 00:00:00'),
(87, 89, 1, 30, 30, 0, '0000-00-00 00:00:00'),
(88, 90, 1, 30, 30, 0, '0000-00-00 00:00:00'),
(89, 91, 2, 60, 60, 0, '0000-00-00 00:00:00'),
(90, 92, 1, 30, 30, 0, '0000-00-00 00:00:00'),
(91, 93, 1, 30, 30, 0, '0000-00-00 00:00:00');

-- --------------------------------------------------------

--
-- Table structure for table `kh_payments_archive`
--

CREATE TABLE IF NOT EXISTS `kh_payments_archive` (
  `id` int(11) NOT NULL AUTO_INCREMENT,
  `user_id` int(11) NOT NULL,
  `num_players` int(11) NOT NULL DEFAULT '0',
  `total_amount` int(11) NOT NULL DEFAULT '0',
  `amount_due` int(11) NOT NULL DEFAULT '0',
  `amount_paid` int(11) NOT NULL DEFAULT '0',
  `last_payment_date` datetime NOT NULL,
  `year` varchar(10) NOT NULL,
  PRIMARY KEY (`id`)
) ENGINE=InnoDB  DEFAULT CHARSET=utf8 AUTO_INCREMENT=92 ;

--
-- Dumping data for table `kh_payments_archive`
--

INSERT INTO `kh_payments_archive` (`id`, `user_id`, `num_players`, `total_amount`, `amount_due`, `amount_paid`, `last_payment_date`, `year`) VALUES
(6, 5, 1, 30, 0, 30, '2015-09-09 23:04:39', '2015-2016'),
(8, 9, 0, 0, 0, 0, '0000-00-00 00:00:00', '2015-2016'),
(9, 11, 0, 0, 0, 0, '0000-00-00 00:00:00', '2015-2016'),
(10, 13, 2, 60, 0, 60, '2015-09-09 23:04:07', '2015-2016'),
(11, 14, 2, 30, 0, 30, '2015-09-09 15:12:32', '2015-2016'),
(12, 15, 1, 30, 0, 30, '2015-09-09 23:03:21', '2015-2016'),
(13, 16, 1, 30, 0, 30, '2015-09-09 23:03:08', '2015-2016'),
(14, 17, 1, 30, 0, 30, '2015-09-09 23:02:57', '2015-2016'),
(15, 18, 1, 30, 0, 30, '2015-09-09 23:02:48', '2015-2016'),
(16, 19, 1, 30, 0, 30, '2015-09-09 23:02:40', '2015-2016'),
(17, 20, 1, 30, 0, 30, '2015-09-09 23:02:18', '2015-2016'),
(18, 21, 1, 30, 0, 30, '2015-09-09 23:02:07', '2015-2016'),
(19, 22, 1, 30, 0, 30, '2015-09-09 23:01:57', '2015-2016'),
(20, 23, 2, 60, 0, 60, '2015-09-09 23:01:48', '2015-2016'),
(21, 24, 2, 60, 0, 60, '2015-09-09 23:01:33', '2015-2016'),
(22, 25, 1, 30, 0, 30, '2015-09-09 23:01:22', '2015-2016'),
(23, 26, 2, 60, 0, 60, '2015-09-09 23:01:12', '2015-2016'),
(24, 27, 5, 150, 0, 150, '2015-09-09 23:01:03', '2015-2016'),
(25, 28, 1, 30, 0, 30, '2015-09-09 23:00:50', '2015-2016'),
(26, 29, 1, 30, 0, 30, '2015-09-09 23:00:42', '2015-2016'),
(27, 30, 1, 30, 0, 30, '2015-09-09 23:00:26', '2015-2016'),
(28, 31, 1, 30, 0, 30, '2015-09-09 23:00:15', '2015-2016'),
(29, 32, 1, 30, 0, 30, '2015-09-09 23:00:04', '2015-2016'),
(30, 33, 1, 30, 0, 30, '2015-09-09 22:59:54', '2015-2016'),
(31, 34, 1, 30, 0, 30, '2015-09-09 22:59:44', '2015-2016'),
(32, 35, 2, 60, 0, 60, '2015-09-09 22:59:32', '2015-2016'),
(33, 36, 1, 30, 0, 30, '2015-09-09 22:59:16', '2015-2016'),
(34, 37, 2, 60, 0, 60, '2015-09-09 22:59:07', '2015-2016'),
(35, 38, 1, 30, 0, 30, '2015-09-09 22:58:56', '2015-2016'),
(36, 39, 1, 30, 0, 30, '2015-09-09 22:58:47', '2015-2016'),
(37, 40, 1, 30, 0, 30, '2015-09-09 22:58:32', '2015-2016'),
(38, 41, 1, 30, 0, 30, '2015-09-09 22:58:22', '2015-2016'),
(39, 42, 2, 60, 0, 60, '2015-09-09 22:58:12', '2015-2016'),
(40, 43, 1, 30, 0, 30, '2015-09-09 22:58:02', '2015-2016'),
(41, 44, 2, 60, 0, 60, '2015-09-09 22:57:51', '2015-2016'),
(42, 45, 1, 30, 0, 30, '2015-09-09 22:57:41', '2015-2016'),
(43, 46, 3, 90, 0, 90, '2015-09-09 22:57:30', '2015-2016'),
(44, 47, 1, 30, 0, 30, '2015-09-09 22:57:13', '2015-2016'),
(45, 48, 3, 90, 0, 90, '2015-09-09 22:56:57', '2015-2016'),
(46, 49, 1, 30, 0, 30, '2015-09-09 22:56:44', '2015-2016'),
(47, 50, 1, 30, 0, 30, '2015-09-09 22:56:20', '2015-2016'),
(48, 51, 1, 30, 0, 30, '2015-09-09 22:55:48', '2015-2016'),
(49, 52, 1, 30, 0, 30, '2015-09-09 22:55:31', '2015-2016'),
(50, 53, 1, 30, 0, 30, '2015-09-09 22:55:19', '2015-2016'),
(51, 54, 1, 30, 0, 30, '2015-09-09 22:55:08', '2015-2016'),
(52, 55, 1, 30, 0, 30, '2015-09-09 22:54:36', '2015-2016'),
(53, 56, 2, 60, 0, 60, '2015-09-11 12:43:02', '2015-2016'),
(54, 57, 2, 60, 0, 60, '2015-09-09 22:54:09', '2015-2016'),
(55, 58, 1, 30, 0, 30, '2015-09-09 22:53:52', '2015-2016'),
(56, 59, 1, 30, 0, 30, '2015-09-09 22:53:27', '2015-2016'),
(57, 60, 1, 30, 0, 30, '2015-09-10 18:40:59', '2015-2016'),
(58, 61, 2, 60, 0, 60, '2015-09-10 14:30:45', '2015-2016'),
(59, 62, 2, 60, 0, 60, '2015-09-10 12:20:50', '2015-2016'),
(60, 63, 1, 30, 0, 30, '2015-09-10 12:24:44', '2015-2016'),
(61, 64, 0, 0, 0, 0, '2015-09-10 12:24:34', '2015-2016'),
(62, 65, 1, 30, 0, 30, '2015-09-10 12:26:22', '2015-2016'),
(63, 66, 1, 30, 0, 30, '2015-09-10 12:38:56', '2015-2016'),
(64, 67, 2, 60, 0, 60, '2015-09-10 12:41:25', '2015-2016'),
(65, 68, 1, 30, 0, 30, '2015-09-10 12:53:14', '2015-2016'),
(66, 69, 1, 30, 0, 30, '2015-09-10 12:53:03', '2015-2016'),
(67, 70, 1, 30, 0, 30, '2015-09-10 13:14:55', '2015-2016'),
(68, 71, 1, 30, 0, 30, '2015-09-10 13:14:46', '2015-2016'),
(69, 72, 1, 30, 0, 30, '2015-09-10 14:30:15', '2015-2016'),
(70, 73, 3, 90, 0, 90, '2015-09-10 14:30:25', '2015-2016'),
(71, 74, 3, 90, 0, 90, '2015-09-10 14:28:42', '2015-2016'),
(72, 75, 3, 90, 0, 90, '2015-09-10 14:29:59', '2015-2016'),
(73, 76, 2, 60, 0, 60, '2015-09-10 14:29:49', '2015-2016'),
(74, 77, 2, 60, 0, 60, '2015-09-10 14:29:37', '2015-2016'),
(75, 78, 3, 90, 0, 90, '2015-09-10 14:29:27', '2015-2016'),
(76, 79, 1, 30, 0, 30, '2015-09-10 14:29:13', '2015-2016'),
(77, 80, 2, 60, 0, 60, '2015-09-10 14:29:03', '2015-2016'),
(78, 81, 5, 150, 0, 150, '2015-09-11 11:50:51', '2015-2016'),
(79, 82, 2, 60, 0, 60, '2015-09-10 14:28:52', '2015-2016'),
(80, 83, 2, 0, 0, 0, '0000-00-00 00:00:00', '2015-2016'),
(81, 2, 1, 0, 0, 0, '0000-00-00 00:00:00', '2015-2016'),
(82, 84, 1, 30, 0, 30, '2015-09-10 18:40:37', '2015-2016'),
(83, 85, 1, 30, 0, 30, '2015-09-11 11:50:39', '2015-2016'),
(84, 86, 2, 60, 0, 60, '2015-09-11 14:43:26', '2015-2016'),
(85, 87, 2, 60, 0, 60, '2015-09-11 14:58:37', '2015-2016'),
(86, 88, 0, 0, 0, 0, '0000-00-00 00:00:00', '2015-2016'),
(87, 89, 1, 30, 0, 30, '2015-09-11 15:41:45', '2015-2016'),
(88, 90, 1, 30, 0, 30, '2015-09-11 20:30:34', '2015-2016'),
(89, 91, 2, 60, 0, 60, '2015-09-20 12:58:20', '2015-2016'),
(90, 92, 1, 30, 0, 30, '2015-09-13 09:04:44', '2015-2016'),
(91, 93, 1, 30, 0, 30, '2015-09-13 11:48:49', '2015-2016');

-- --------------------------------------------------------

--
-- Table structure for table `kh_payment_history`
--

CREATE TABLE IF NOT EXISTS `kh_payment_history` (
  `id` int(11) NOT NULL AUTO_INCREMENT,
  `user_id` int(11) NOT NULL,
  `payment_id` int(11) NOT NULL,
  `amount_paid` int(11) NOT NULL,
  `payment_date` datetime NOT NULL,
  `payment_method` enum('none','cash','check','card') COLLATE utf8_unicode_ci NOT NULL,
  `check_number` bigint(50) NOT NULL,
  PRIMARY KEY (`id`)
) ENGINE=MyISAM  DEFAULT CHARSET=utf8 COLLATE=utf8_unicode_ci AUTO_INCREMENT=100 ;

--
-- Dumping data for table `kh_payment_history`
--

INSERT INTO `kh_payment_history` (`id`, `user_id`, `payment_id`, `amount_paid`, `payment_date`, `payment_method`, `check_number`) VALUES
(15, 13, 10, 30, '2015-09-09 15:04:00', 'cash', 0),
(16, 14, 11, 60, '2015-09-09 15:12:32', 'cash', 0),
(17, 59, 56, 30, '2015-09-09 22:53:27', 'none', 0),
(18, 58, 55, 30, '2015-09-09 22:53:52', 'none', 0),
(19, 57, 54, 60, '2015-09-09 22:54:09', 'none', 0),
(20, 56, 53, 30, '2015-09-09 22:54:23', 'none', 0),
(21, 55, 52, 30, '2015-09-09 22:54:36', 'none', 0),
(22, 54, 51, 30, '2015-09-09 22:55:08', 'none', 0),
(23, 53, 50, 30, '2015-09-09 22:55:19', 'none', 0),
(24, 52, 49, 30, '2015-09-09 22:55:31', 'none', 0),
(25, 51, 48, 30, '2015-09-09 22:55:48', 'none', 0),
(26, 50, 47, 30, '2015-09-09 22:56:20', 'none', 0),
(27, 49, 46, 30, '2015-09-09 22:56:44', 'none', 0),
(28, 48, 45, 90, '2015-09-09 22:56:57', 'none', 0),
(29, 47, 44, 30, '2015-09-09 22:57:13', 'none', 0),
(30, 46, 43, 90, '2015-09-09 22:57:30', 'none', 0),
(31, 45, 42, 30, '2015-09-09 22:57:41', 'none', 0),
(32, 44, 41, 60, '2015-09-09 22:57:51', 'none', 0),
(33, 43, 40, 30, '2015-09-09 22:58:02', 'none', 0),
(34, 42, 39, 60, '2015-09-09 22:58:12', 'none', 0),
(35, 41, 38, 30, '2015-09-09 22:58:22', 'none', 0),
(36, 40, 37, 30, '2015-09-09 22:58:32', 'none', 0),
(37, 39, 36, 30, '2015-09-09 22:58:47', 'none', 0),
(38, 38, 35, 30, '2015-09-09 22:58:56', 'none', 0),
(39, 37, 34, 60, '2015-09-09 22:59:07', 'none', 0),
(40, 36, 33, 30, '2015-09-09 22:59:16', 'none', 0),
(41, 35, 32, 60, '2015-09-09 22:59:32', 'none', 0),
(42, 34, 31, 30, '2015-09-09 22:59:44', 'none', 0),
(43, 33, 30, 30, '2015-09-09 22:59:54', 'none', 0),
(44, 32, 29, 30, '2015-09-09 23:00:04', 'none', 0),
(45, 31, 28, 30, '2015-09-09 23:00:15', 'none', 0),
(46, 30, 27, 30, '2015-09-09 23:00:26', 'none', 0),
(47, 29, 26, 30, '2015-09-09 23:00:42', 'none', 0),
(48, 28, 25, 30, '2015-09-09 23:00:50', 'none', 0),
(49, 27, 24, 150, '2015-09-09 23:01:03', 'none', 0),
(50, 26, 23, 60, '2015-09-09 23:01:12', 'none', 0),
(51, 25, 22, 60, '2015-09-09 23:01:22', 'none', 0),
(52, 24, 21, 60, '2015-09-09 23:01:33', 'none', 0),
(53, 23, 20, 60, '2015-09-09 23:01:48', 'none', 0),
(54, 22, 19, 30, '2015-09-09 23:01:57', 'none', 0),
(55, 21, 18, 30, '2015-09-09 23:02:07', 'none', 0),
(56, 20, 17, 30, '2015-09-09 23:02:18', 'none', 0),
(57, 19, 16, 30, '2015-09-09 23:02:40', 'none', 0),
(58, 18, 15, 30, '2015-09-09 23:02:48', 'none', 0),
(59, 17, 14, 30, '2015-09-09 23:02:57', 'none', 0),
(60, 16, 13, 30, '2015-09-09 23:03:08', 'none', 0),
(61, 15, 12, 30, '2015-09-09 23:03:21', 'none', 0),
(62, 13, 10, 30, '2015-09-09 23:04:07', 'none', 0),
(63, 8, 7, 30, '2015-09-09 23:04:25', 'none', 0),
(64, 5, 6, 30, '2015-09-09 23:04:39', 'none', 0),
(65, 61, 58, 30, '2015-09-10 12:01:33', 'none', 0),
(66, 62, 59, 60, '2015-09-10 12:20:50', 'none', 0),
(67, 64, 61, 30, '2015-09-10 12:24:34', 'none', 0),
(68, 63, 60, 30, '2015-09-10 12:24:44', 'none', 0),
(69, 65, 62, 30, '2015-09-10 12:26:22', 'none', 0),
(70, 66, 63, 30, '2015-09-10 12:38:56', 'none', 0),
(71, 67, 64, 60, '2015-09-10 12:41:25', 'none', 0),
(72, 69, 66, 30, '2015-09-10 12:53:03', 'none', 0),
(73, 68, 65, 30, '2015-09-10 12:53:14', 'none', 0),
(74, 71, 68, 30, '2015-09-10 13:14:46', 'none', 0),
(75, 70, 67, 30, '2015-09-10 13:14:55', 'none', 0),
(76, 74, 71, 90, '2015-09-10 14:28:42', 'none', 0),
(77, 82, 79, 60, '2015-09-10 14:28:52', 'none', 0),
(78, 80, 77, 60, '2015-09-10 14:29:03', 'none', 0),
(79, 79, 76, 60, '2015-09-10 14:29:13', 'none', 0),
(80, 78, 75, 90, '2015-09-10 14:29:27', 'none', 0),
(81, 77, 74, 60, '2015-09-10 14:29:37', 'none', 0),
(82, 76, 73, 60, '2015-09-10 14:29:49', 'none', 0),
(83, 75, 72, 90, '2015-09-10 14:29:59', 'none', 0),
(84, 72, 69, 30, '2015-09-10 14:30:15', 'none', 0),
(85, 73, 70, 90, '2015-09-10 14:30:25', 'none', 0),
(86, 61, 58, 30, '2015-09-10 14:30:45', 'none', 0),
(87, 84, 82, 30, '2015-09-10 18:40:37', 'none', 0),
(88, 60, 57, 30, '2015-09-10 18:40:59', 'none', 0),
(89, 85, 83, 30, '2015-09-11 11:50:39', 'none', 0),
(90, 81, 78, 150, '2015-09-11 11:50:51', 'none', 0),
(91, 56, 53, 30, '2015-09-11 12:43:02', 'none', 0),
(92, 86, 84, 60, '2015-09-11 14:43:26', 'none', 0),
(93, 87, 85, 60, '2015-09-11 14:58:37', 'none', 0),
(94, 89, 87, 30, '2015-09-11 15:41:45', 'none', 0),
(95, 90, 88, 30, '2015-09-11 20:30:34', 'none', 0),
(96, 91, 89, 30, '2015-09-12 21:48:09', 'none', 0),
(97, 92, 90, 30, '2015-09-13 09:04:44', 'none', 0),
(98, 93, 91, 30, '2015-09-13 11:48:49', 'none', 0),
(99, 91, 89, 30, '2015-09-20 12:58:20', 'none', 0);

-- --------------------------------------------------------

--
-- Table structure for table `kh_payment_history_archive`
--

CREATE TABLE IF NOT EXISTS `kh_payment_history_archive` (
  `id` int(11) NOT NULL AUTO_INCREMENT,
  `user_id` int(11) NOT NULL,
  `payment_id` int(11) NOT NULL,
  `amount_paid` int(11) NOT NULL,
  `payment_date` datetime NOT NULL,
  `payment_method` enum('none','cash','check','card') CHARACTER SET utf8 COLLATE utf8_unicode_ci NOT NULL,
  `check_number` bigint(50) NOT NULL,
  `year` varchar(10) NOT NULL,
  PRIMARY KEY (`id`)
) ENGINE=InnoDB  DEFAULT CHARSET=utf8 AUTO_INCREMENT=100 ;

--
-- Dumping data for table `kh_payment_history_archive`
--

INSERT INTO `kh_payment_history_archive` (`id`, `user_id`, `payment_id`, `amount_paid`, `payment_date`, `payment_method`, `check_number`, `year`) VALUES
(15, 13, 10, 30, '2015-09-09 15:04:00', 'cash', 0, '2015-2016'),
(16, 14, 11, 60, '2015-09-09 15:12:32', 'cash', 0, '2015-2016'),
(17, 59, 56, 30, '2015-09-09 22:53:27', 'none', 0, '2015-2016'),
(18, 58, 55, 30, '2015-09-09 22:53:52', 'none', 0, '2015-2016'),
(19, 57, 54, 60, '2015-09-09 22:54:09', 'none', 0, '2015-2016'),
(20, 56, 53, 30, '2015-09-09 22:54:23', 'none', 0, '2015-2016'),
(21, 55, 52, 30, '2015-09-09 22:54:36', 'none', 0, '2015-2016'),
(22, 54, 51, 30, '2015-09-09 22:55:08', 'none', 0, '2015-2016'),
(23, 53, 50, 30, '2015-09-09 22:55:19', 'none', 0, '2015-2016'),
(24, 52, 49, 30, '2015-09-09 22:55:31', 'none', 0, '2015-2016'),
(25, 51, 48, 30, '2015-09-09 22:55:48', 'none', 0, '2015-2016'),
(26, 50, 47, 30, '2015-09-09 22:56:20', 'none', 0, '2015-2016'),
(27, 49, 46, 30, '2015-09-09 22:56:44', 'none', 0, '2015-2016'),
(28, 48, 45, 90, '2015-09-09 22:56:57', 'none', 0, '2015-2016'),
(29, 47, 44, 30, '2015-09-09 22:57:13', 'none', 0, '2015-2016'),
(30, 46, 43, 90, '2015-09-09 22:57:30', 'none', 0, '2015-2016'),
(31, 45, 42, 30, '2015-09-09 22:57:41', 'none', 0, '2015-2016'),
(32, 44, 41, 60, '2015-09-09 22:57:51', 'none', 0, '2015-2016'),
(33, 43, 40, 30, '2015-09-09 22:58:02', 'none', 0, '2015-2016'),
(34, 42, 39, 60, '2015-09-09 22:58:12', 'none', 0, '2015-2016'),
(35, 41, 38, 30, '2015-09-09 22:58:22', 'none', 0, '2015-2016'),
(36, 40, 37, 30, '2015-09-09 22:58:32', 'none', 0, '2015-2016'),
(37, 39, 36, 30, '2015-09-09 22:58:47', 'none', 0, '2015-2016'),
(38, 38, 35, 30, '2015-09-09 22:58:56', 'none', 0, '2015-2016'),
(39, 37, 34, 60, '2015-09-09 22:59:07', 'none', 0, '2015-2016'),
(40, 36, 33, 30, '2015-09-09 22:59:16', 'none', 0, '2015-2016'),
(41, 35, 32, 60, '2015-09-09 22:59:32', 'none', 0, '2015-2016'),
(42, 34, 31, 30, '2015-09-09 22:59:44', 'none', 0, '2015-2016'),
(43, 33, 30, 30, '2015-09-09 22:59:54', 'none', 0, '2015-2016'),
(44, 32, 29, 30, '2015-09-09 23:00:04', 'none', 0, '2015-2016'),
(45, 31, 28, 30, '2015-09-09 23:00:15', 'none', 0, '2015-2016'),
(46, 30, 27, 30, '2015-09-09 23:00:26', 'none', 0, '2015-2016'),
(47, 29, 26, 30, '2015-09-09 23:00:42', 'none', 0, '2015-2016'),
(48, 28, 25, 30, '2015-09-09 23:00:50', 'none', 0, '2015-2016'),
(49, 27, 24, 150, '2015-09-09 23:01:03', 'none', 0, '2015-2016'),
(50, 26, 23, 60, '2015-09-09 23:01:12', 'none', 0, '2015-2016'),
(51, 25, 22, 60, '2015-09-09 23:01:22', 'none', 0, '2015-2016'),
(52, 24, 21, 60, '2015-09-09 23:01:33', 'none', 0, '2015-2016'),
(53, 23, 20, 60, '2015-09-09 23:01:48', 'none', 0, '2015-2016'),
(54, 22, 19, 30, '2015-09-09 23:01:57', 'none', 0, '2015-2016'),
(55, 21, 18, 30, '2015-09-09 23:02:07', 'none', 0, '2015-2016'),
(56, 20, 17, 30, '2015-09-09 23:02:18', 'none', 0, '2015-2016'),
(57, 19, 16, 30, '2015-09-09 23:02:40', 'none', 0, '2015-2016'),
(58, 18, 15, 30, '2015-09-09 23:02:48', 'none', 0, '2015-2016'),
(59, 17, 14, 30, '2015-09-09 23:02:57', 'none', 0, '2015-2016'),
(60, 16, 13, 30, '2015-09-09 23:03:08', 'none', 0, '2015-2016'),
(61, 15, 12, 30, '2015-09-09 23:03:21', 'none', 0, '2015-2016'),
(62, 13, 10, 30, '2015-09-09 23:04:07', 'none', 0, '2015-2016'),
(63, 8, 7, 30, '2015-09-09 23:04:25', 'none', 0, '2015-2016'),
(64, 5, 6, 30, '2015-09-09 23:04:39', 'none', 0, '2015-2016'),
(65, 61, 58, 30, '2015-09-10 12:01:33', 'none', 0, '2015-2016'),
(66, 62, 59, 60, '2015-09-10 12:20:50', 'none', 0, '2015-2016'),
(67, 64, 61, 30, '2015-09-10 12:24:34', 'none', 0, '2015-2016'),
(68, 63, 60, 30, '2015-09-10 12:24:44', 'none', 0, '2015-2016'),
(69, 65, 62, 30, '2015-09-10 12:26:22', 'none', 0, '2015-2016'),
(70, 66, 63, 30, '2015-09-10 12:38:56', 'none', 0, '2015-2016'),
(71, 67, 64, 60, '2015-09-10 12:41:25', 'none', 0, '2015-2016'),
(72, 69, 66, 30, '2015-09-10 12:53:03', 'none', 0, '2015-2016'),
(73, 68, 65, 30, '2015-09-10 12:53:14', 'none', 0, '2015-2016'),
(74, 71, 68, 30, '2015-09-10 13:14:46', 'none', 0, '2015-2016'),
(75, 70, 67, 30, '2015-09-10 13:14:55', 'none', 0, '2015-2016'),
(76, 74, 71, 90, '2015-09-10 14:28:42', 'none', 0, '2015-2016'),
(77, 82, 79, 60, '2015-09-10 14:28:52', 'none', 0, '2015-2016'),
(78, 80, 77, 60, '2015-09-10 14:29:03', 'none', 0, '2015-2016'),
(79, 79, 76, 60, '2015-09-10 14:29:13', 'none', 0, '2015-2016'),
(80, 78, 75, 90, '2015-09-10 14:29:27', 'none', 0, '2015-2016'),
(81, 77, 74, 60, '2015-09-10 14:29:37', 'none', 0, '2015-2016'),
(82, 76, 73, 60, '2015-09-10 14:29:49', 'none', 0, '2015-2016'),
(83, 75, 72, 90, '2015-09-10 14:29:59', 'none', 0, '2015-2016'),
(84, 72, 69, 30, '2015-09-10 14:30:15', 'none', 0, '2015-2016'),
(85, 73, 70, 90, '2015-09-10 14:30:25', 'none', 0, '2015-2016'),
(86, 61, 58, 30, '2015-09-10 14:30:45', 'none', 0, '2015-2016'),
(87, 84, 82, 30, '2015-09-10 18:40:37', 'none', 0, '2015-2016'),
(88, 60, 57, 30, '2015-09-10 18:40:59', 'none', 0, '2015-2016'),
(89, 85, 83, 30, '2015-09-11 11:50:39', 'none', 0, '2015-2016'),
(90, 81, 78, 150, '2015-09-11 11:50:51', 'none', 0, '2015-2016'),
(91, 56, 53, 30, '2015-09-11 12:43:02', 'none', 0, '2015-2016'),
(92, 86, 84, 60, '2015-09-11 14:43:26', 'none', 0, '2015-2016'),
(93, 87, 85, 60, '2015-09-11 14:58:37', 'none', 0, '2015-2016'),
(94, 89, 87, 30, '2015-09-11 15:41:45', 'none', 0, '2015-2016'),
(95, 90, 88, 30, '2015-09-11 20:30:34', 'none', 0, '2015-2016'),
(96, 91, 89, 30, '2015-09-12 21:48:09', 'none', 0, '2015-2016'),
(97, 92, 90, 30, '2015-09-13 09:04:44', 'none', 0, '2015-2016'),
(98, 93, 91, 30, '2015-09-13 11:48:49', 'none', 0, '2015-2016'),
(99, 91, 89, 30, '2015-09-20 12:58:20', 'none', 0, '2015-2016');

-- --------------------------------------------------------

--
-- Table structure for table `kh_players`
--

CREATE TABLE IF NOT EXISTS `kh_players` (
  `id` int(11) NOT NULL AUTO_INCREMENT,
  `player_name` varchar(75) CHARACTER SET utf8 NOT NULL,
  `active` tinyint(4) NOT NULL DEFAULT '1',
  `enabled` tinyint(4) NOT NULL DEFAULT '1',
  `lost` int(11) NOT NULL DEFAULT '0',
  `primary_user_id` int(11) NOT NULL,
  `user_name` varchar(50) CHARACTER SET utf8 NOT NULL,
  `display_name` varchar(50) CHARACTER SET utf8 NOT NULL,
  `sign_up_stamp` datetime NOT NULL,
  PRIMARY KEY (`id`)
) ENGINE=InnoDB  DEFAULT CHARSET=latin1 AUTO_INCREMENT=136 ;

--
-- Dumping data for table `kh_players`
--

INSERT INTO `kh_players` (`id`, `player_name`, `active`, `enabled`, `lost`, `primary_user_id`, `user_name`, `display_name`, `sign_up_stamp`) VALUES
(9, 'Sharky''s Machine', 1, 1, 0, 13, 'paulmcfadden', 'Paul McFadden', '2015-09-09 15:01:49'),
(10, 'Batman', 1, 1, 0, 14, 'dannykeeshan', 'Danny Keeshan', '2015-09-09 15:08:36'),
(11, 'Spiderman', 1, 1, 0, 14, 'dannykeeshan', 'Danny Keeshan', '2015-09-09 15:08:58'),
(12, 'Brian1', 1, 1, 0, 23, 'bdelaney', 'BDelaney', '2015-09-09 21:59:58'),
(13, 'Brian2', 1, 1, 0, 23, 'bdelaney', 'BDelaney', '2015-09-09 22:00:26'),
(14, 'Hurricane Hoffman', 1, 1, 0, 24, 'rhoffman', 'Hurricane Hoffman', '2015-09-09 22:01:19'),
(15, 'Weatherman', 1, 1, 0, 24, 'rhoffman', 'Hurricane Hoffman', '2015-09-09 22:01:34'),
(16, 'James1', 1, 1, 0, 26, 'jmilano', 'Pest Control', '2015-09-09 22:02:17'),
(17, 'James2', 1, 1, 0, 26, 'jmilano', 'Pest Control', '2015-09-09 22:02:30'),
(18, 'G-Man Tim', 1, 1, 0, 25, 'tdelaney', 'TDelaney', '2015-09-09 22:02:48'),
(20, 'Frank1', 1, 1, 0, 27, 'fstanek', 'FStanek', '2015-09-09 22:03:25'),
(21, 'Stanek of the North', 1, 1, 0, 27, 'fstanek', 'FStanek', '2015-09-09 22:04:01'),
(22, 'Holy Molson', 1, 1, 0, 27, 'fstanek', 'FStanek', '2015-09-09 22:04:14'),
(23, 'Oh Ottawa', 1, 1, 0, 27, 'fstanek', 'FStanek', '2015-09-09 22:04:50'),
(24, 'Canuck', 1, 1, 0, 27, 'fstanek', 'FStanek', '2015-09-09 22:05:09'),
(25, 'Steve', 1, 1, 0, 35, 'sjakubisin', 'SJakub', '2015-09-09 22:05:45'),
(26, 'Riley', 1, 1, 0, 35, 'sjakubisin', 'SJakub', '2015-09-09 22:05:55'),
(27, 'Sherlocks Shenanigans', 1, 1, 0, 37, 'kmee', 'KMee', '2015-09-09 22:08:34'),
(28, 'Mee Name is Kevin', 1, 1, 0, 37, 'kmee', 'KMee', '2015-09-09 22:08:53'),
(29, 'Bryan1', 1, 1, 0, 42, 'bhale', 'BHale', '2015-09-09 22:09:35'),
(30, 'All Hale Bryan', 1, 1, 0, 42, 'bhale', 'BHale', '2015-09-09 22:09:56'),
(31, 'Roger Jr 1', 1, 1, 0, 46, 'rdesjardins', 'Rdesjardins', '2015-09-09 22:11:58'),
(32, 'Roger Jr 2', 1, 1, 0, 46, 'rdesjardins', 'Rdesjardins', '2015-09-09 22:12:15'),
(33, 'Roger Sr', 1, 1, 0, 46, 'rdesjardins', 'Rdesjardins', '2015-09-09 22:12:28'),
(34, 'BP 1', 1, 1, 0, 48, 'bpetite', 'BPetite', '2015-09-09 22:12:56'),
(35, 'BP 2', 1, 1, 0, 48, 'bpetite', 'BPetite', '2015-09-09 22:13:07'),
(36, 'BP 3', 1, 1, 0, 48, 'bpetite', 'BPetite', '2015-09-09 22:13:20'),
(37, 'KMR v KMR', 1, 1, 0, 17, 'kritter', 'KMR v KMR', '2015-09-09 22:15:04'),
(38, 'PSE&George', 1, 1, 0, 18, 'gritter', 'GRitter', '2015-09-09 22:16:01'),
(39, 'Bubbles', 1, 1, 0, 19, 'bdistefano', 'Bubbles', '2015-09-09 22:16:16'),
(40, 'Tiny Bum', 1, 1, 0, 20, 'dpembroke', 'Penelope', '2015-09-09 22:16:30'),
(41, 'YES Man Adam', 1, 1, 0, 21, 'anewman', 'ANewman', '2015-09-09 22:17:06'),
(42, 'Craig''s de name', 1, 1, 0, 22, 'cdename', 'CDename', '2015-09-09 22:17:43'),
(43, 'Drewblue', 1, 1, 0, 5, 'drewblue', 'DrewBlue', '2015-09-09 22:18:10'),
(44, 'Machine man Kenny', 1, 1, 0, 28, 'kkratz', 'KKratz', '2015-09-09 22:20:30'),
(45, 'Phins', 1, 1, 0, 29, 'jbauknecht', 'JBauk', '2015-09-09 22:21:58'),
(46, 'JD', 1, 1, 0, 30, 'jdispigno', 'JDispigno', '2015-09-09 22:22:24'),
(47, 'Toolman Gary', 1, 1, 0, 41, 'garyb', 'Garyb', '2015-09-09 22:23:44'),
(48, 'Carlton Light 120s', 1, 1, 0, 31, 'mcarlton', 'MCarlton', '2015-09-09 22:24:14'),
(49, 'Shamrock', 1, 1, 0, 40, 'ablackman', 'ABlackman', '2015-09-09 22:24:50'),
(50, 'Slappy', 1, 1, 0, 13, 'paulmcfadden', 'Paul McFadden', '2015-09-09 22:25:26'),
(51, 'G-String', 1, 1, 0, 15, 'georgemcfadden', 'G String', '2015-09-09 22:25:45'),
(52, 'Sonny', 1, 1, 0, 36, 'sscorso', 'SScorso', '2015-09-09 22:26:01'),
(53, 'Folken', 1, 1, 0, 38, 'rfolken', 'RFolken', '2015-09-09 22:27:54'),
(54, 'Fall King', 1, 1, 0, 32, 'wfolken', 'WFolken', '2015-09-09 22:28:23'),
(55, 'Carlucci''s Way', 1, 1, 0, 39, 'pcarlucci', 'PCarlucci', '2015-09-09 22:28:39'),
(56, 'Mama Gas', 1, 1, 0, 34, 'kgasiewski', 'KGasiewski', '2015-09-09 22:29:02'),
(57, 'Buster Gazoo', 1, 1, 0, 33, 'ggasiewski', 'GGasiewski', '2015-09-09 22:29:17'),
(59, 'D''yer Maker', 1, 1, 0, 43, 'rdyer', 'RDyer', '2015-09-09 22:30:57'),
(60, 'Daddy Keesh', 1, 1, 0, 44, 'rkeeshan', 'RKeeshan', '2015-09-09 22:31:42'),
(61, 'Keesh is the Word', 1, 1, 0, 44, 'rkeeshan', 'RKeeshan', '2015-09-09 22:32:02'),
(62, 'Ray D', 1, 1, 0, 45, 'rdesposito', 'RDesposito', '2015-09-09 22:32:35'),
(63, 'Patty K', 1, 1, 0, 47, 'pkeeshan', 'PKeeshan', '2015-09-09 22:33:13'),
(64, 'Squiggy', 1, 1, 0, 49, 'lmusillo', 'LMusillo', '2015-09-09 22:34:37'),
(65, 'Nicky', 1, 1, 0, 50, 'nmusillo', 'NMusillo', '2015-09-09 22:34:52'),
(66, 'JD Jr', 1, 1, 0, 51, 'jdillonjr', 'JDillonjr', '2015-09-09 22:35:26'),
(67, 'JD Sr', 1, 1, 0, 52, 'jdillonsr', 'JDillonsr', '2015-09-09 22:35:39'),
(68, 'VC-O-Lino', 1, 1, 0, 53, 'vciolino', 'VCiolino', '2015-09-09 22:37:02'),
(69, 'MO', 1, 1, 0, 54, 'moleary', 'MOleary', '2015-09-09 22:38:13'),
(70, 'Jimmy Little', 1, 1, 0, 55, 'jpetite', 'JPetite', '2015-09-09 22:39:35'),
(71, 'Nick Bekas 1', 1, 1, 0, 57, 'nbekas', 'NBekas', '2015-09-09 22:42:37'),
(72, 'Nick Bekas 2', 1, 1, 0, 57, 'nbekas', 'NBekas', '2015-09-09 22:42:50'),
(73, 'The Beasts', 1, 1, 0, 58, 'eugene', 'Eugene', '2015-09-09 22:45:59'),
(74, 'Liechtung Baby!', 1, 1, 0, 59, 'aliechtung', 'Aliechtung', '2015-09-09 22:48:12'),
(75, 'Missing Jeter', 1, 1, 0, 16, 'eileendename', 'Eileen DeName', '2015-09-09 22:51:56'),
(76, 'U R Out', 1, 1, 0, 56, 'bdename', 'BDename', '2015-09-09 22:52:19'),
(77, 'Sharks', 1, 1, 0, 61, 'sredo', 'Sandra Redo', '2015-09-10 11:59:46'),
(78, 'Albacore', 1, 1, 0, 62, 'jalbanese', 'Joe Albanese', '2015-09-10 12:12:01'),
(79, 'Tuna Joe', 1, 1, 0, 62, 'jalbanese', 'Joe Albanese', '2015-09-10 12:13:21'),
(80, 'It''s Pat!', 1, 1, 0, 63, 'pbrennan', 'Pat Brennan', '2015-09-10 12:22:13'),
(82, 'Fishy The Chach', 1, 1, 0, 65, 'ssabella', 'Sean Sabella', '2015-09-10 12:25:40'),
(83, 'JW', 1, 1, 0, 66, 'jweir', 'John Weir', '2015-09-10 12:34:35'),
(84, 'Little Mike', 1, 1, 0, 67, 'mtuccillo', 'Mike Tuccillo', '2015-09-10 12:40:30'),
(85, 'MT Mike T', 1, 1, 0, 67, 'mtuccillo', 'Mike Tuccillo', '2015-09-10 12:41:11'),
(86, 'Momma Simone', 1, 1, 0, 68, 'dsimone', 'Danielle Simone', '2015-09-10 12:52:35'),
(87, 'Poppa Lou', 1, 1, 0, 69, 'lsimone', 'Louis Simone', '2015-09-10 12:52:49'),
(88, 'Kristin', 1, 1, 0, 70, 'kdortz', 'Kristin Dortz', '2015-09-10 12:58:02'),
(89, 'Catt-a-ban', 1, 1, 0, 71, 'pcattabiani', 'Paul Cattabiani', '2015-09-10 12:58:24'),
(90, 'Norwegian Nightmare', 1, 1, 0, 72, 'jhansen', 'Justin Hansen', '2015-09-10 14:08:25'),
(91, 'Neen', 1, 1, 0, 82, 'jcandelora', 'Jeanine Candelora', '2015-09-10 14:08:44'),
(92, 'Grillmaster Sal', 1, 1, 0, 82, 'jcandelora', 'Jeanine Candelora', '2015-09-10 14:09:10'),
(93, 'Pacman', 1, 1, 0, 80, 'mpacanovsky', 'Matt Pacanovsky', '2015-09-10 14:09:35'),
(94, '2014 KOTH Champ', 1, 1, 0, 80, 'mpacanovsky', 'Matt Pacanovsky', '2015-09-10 14:09:53'),
(95, 'K-Farch', 1, 1, 0, 79, 'kfarchione', 'Kelly Farchione', '2015-09-10 14:10:23'),
(97, 'Jon D', 1, 1, 0, 78, 'jdecatur', 'Jon Decatur', '2015-09-10 14:11:05'),
(98, 'Jessy D', 1, 1, 0, 78, 'jdecatur', 'Jon Decatur', '2015-09-10 14:11:21'),
(99, 'Matthew', 1, 1, 0, 78, 'jdecatur', 'Jon Decatur', '2015-09-10 14:11:35'),
(100, 'Scott', 1, 1, 0, 76, 'sfish', 'Scott Fish', '2015-09-10 14:12:03'),
(101, 'Katie', 1, 1, 0, 76, 'sfish', 'Scott Fish', '2015-09-10 14:12:15'),
(102, 'Scott451', 1, 1, 0, 77, 'pozzem451', 'Kevin/Scott', '2015-09-10 14:12:35'),
(103, 'Kevin 451', 1, 1, 0, 77, 'pozzem451', 'Kevin/Scott', '2015-09-10 14:12:53'),
(104, 'Johnny Footballidis', 1, 1, 0, 75, 'jpaskalidis', 'John Paskalidis', '2015-09-10 14:14:04'),
(105, 'Chiro 1', 1, 1, 0, 74, 'rpinto', 'Ramiro Pinto', '2015-09-10 14:14:29'),
(106, 'Ramiro', 1, 1, 0, 74, 'rpinto', 'Ramiro Pinto', '2015-09-10 14:14:50'),
(107, 'Chiro 2', 1, 1, 0, 74, 'rpinto', 'Ramiro Pinto', '2015-09-10 14:15:21'),
(108, 'Coach', 1, 1, 0, 73, 'jteta', 'James Teta', '2015-09-10 14:15:56'),
(109, 'Jimmy "The Superfly" Teta', 1, 1, 0, 73, 'jteta', 'James Teta', '2015-09-10 14:16:48'),
(110, 'JT', 1, 1, 0, 73, 'jteta', 'James Teta', '2015-09-10 14:17:29'),
(111, 'Elvis Lives', 1, 1, 0, 61, 'sredo', 'Sandra Redo', '2015-09-10 14:18:14'),
(112, 'Strong Like Bull', 1, 1, 0, 83, 'kredo', 'Keith Redo', '2015-09-10 14:19:47'),
(113, 'Dumb Like Ox', 1, 1, 0, 83, 'kredo', 'Keith Redo', '2015-09-10 14:20:03'),
(114, 'John 3:16', 1, 1, 0, 75, 'jpaskalidis', 'John Paskalidis', '2015-09-10 14:25:32'),
(115, 'King John', 1, 1, 0, 75, 'jpaskalidis', 'John Paskalidis', '2015-09-10 14:25:49'),
(116, 'ganeshk', 1, 1, 0, 2, 'gkhandare', 'Ganesh', '2015-09-10 17:43:15'),
(117, 'Fast Eddy', 1, 1, 0, 84, 'estratford', 'Ed Stratford', '2015-09-10 18:37:34'),
(118, 'Crazy Man Jumpin'' Joe', 1, 1, 0, 60, 'jlanaro', 'Joe Lanaro', '2015-09-10 18:39:59'),
(119, 'Burrower', 1, 1, 0, 85, 'bburrows', 'Brendan Burrows', '2015-09-10 21:09:05'),
(120, 'Raider Hater', 1, 1, 0, 81, 'tchristian', 'Traci Christian', '2015-09-11 11:49:01'),
(121, 'Slim Jim', 1, 1, 0, 81, 'tchristian', 'Traci Christian', '2015-09-11 11:49:24'),
(122, 'Mile High', 1, 1, 0, 81, 'tchristian', 'Traci Christian', '2015-09-11 11:49:40'),
(123, 'Hail Mary', 1, 1, 0, 81, 'tchristian', 'Traci Christian', '2015-09-11 11:49:57'),
(124, '3 and Out', 1, 1, 0, 81, 'tchristian', 'Traci Christian', '2015-09-11 11:50:11'),
(125, 'Hey Blue!', 1, 1, 0, 56, 'bdename', 'BDename', '2015-09-11 12:42:27'),
(126, 'J Mac 1', 1, 1, 0, 86, 'jmcneilly', 'John McNeilly', '2015-09-11 14:36:40'),
(127, 'J Mac 2', 1, 1, 0, 86, 'jmcneilly', 'John McNeilly', '2015-09-11 14:36:51'),
(128, 'Mike D', 1, 1, 0, 87, 'mdemling', 'Mike Demling', '2015-09-11 14:58:09'),
(129, 'MDNY', 1, 1, 0, 87, 'mdemling', 'Mike Demling', '2015-09-11 14:58:24'),
(130, 'PSU Man!', 1, 1, 0, 89, 'jruth', 'Justin Ruth', '2015-09-11 15:41:34'),
(131, 'Rieffer Man', 1, 1, 0, 90, 'jrieff', 'Jordan Rieff', '2015-09-11 20:30:07'),
(132, 'Fitz', 1, 1, 0, 91, 'lfitzgibbons', 'Luke Fitzgibbons', '2015-09-12 21:47:52'),
(133, 'G-Woman Gretch', 1, 1, 0, 92, 'gdelaney', 'Gretchen Delaney', '2015-09-13 09:02:12'),
(134, 'Richie Rich', 1, 1, 0, 93, 'rbrennan', 'Richie Brennan', '2015-09-13 11:48:32'),
(135, 'Gibbons', 1, 1, 0, 91, 'lfitzgibbons', 'Luke Fitzgibbons', '2015-09-20 12:57:52');

-- --------------------------------------------------------

--
-- Table structure for table `kh_player_picks`
--

CREATE TABLE IF NOT EXISTS `kh_player_picks` (
  `id` int(11) NOT NULL AUTO_INCREMENT,
  `player_id` int(11) NOT NULL,
  `week_id` int(11) NOT NULL,
  `team_id` int(11) NOT NULL,
  `user_id` int(11) NOT NULL,
  `picked_time_stamp` datetime NOT NULL,
  PRIMARY KEY (`id`)
) ENGINE=InnoDB  DEFAULT CHARSET=utf8 AUTO_INCREMENT=328 ;

-- --------------------------------------------------------

--
-- Table structure for table `kh_player_picks_archive`
--

CREATE TABLE IF NOT EXISTS `kh_player_picks_archive` (
  `id` int(11) NOT NULL AUTO_INCREMENT,
  `player_id` int(11) NOT NULL,
  `week_id` int(11) NOT NULL,
  `team_id` int(11) NOT NULL,
  `user_id` int(11) NOT NULL,
  `picked_time_stamp` datetime NOT NULL,
  `year` varchar(10) NOT NULL,
  PRIMARY KEY (`id`)
) ENGINE=InnoDB  DEFAULT CHARSET=utf8 AUTO_INCREMENT=328 ;

--
-- Dumping data for table `kh_player_picks_archive`
--

INSERT INTO `kh_player_picks_archive` (`id`, `player_id`, `week_id`, `team_id`, `user_id`, `picked_time_stamp`, `year`) VALUES
(15, 10, 1, 20, 14, '2015-09-09 21:27:46', '2015-2016'),
(16, 11, 1, 17, 14, '2015-09-09 21:28:14', '2015-2016'),
(17, 60, 1, 27, 44, '2015-09-10 00:51:38', '2015-2016'),
(18, 61, 1, 26, 44, '2015-09-10 00:51:55', '2015-2016'),
(19, 64, 1, 17, 49, '2015-09-10 09:48:58', '2015-2016'),
(20, 68, 1, 7, 53, '2015-09-10 10:10:35', '2015-2016'),
(21, 71, 1, 12, 57, '2015-09-10 11:44:56', '2015-2016'),
(22, 72, 1, 20, 57, '2015-09-10 11:45:05', '2015-2016'),
(24, 77, 1, 12, 61, '2015-09-10 12:02:42', '2015-2016'),
(25, 55, 1, 17, 39, '2015-09-10 12:40:15', '2015-2016'),
(27, 20, 1, 21, 27, '2015-09-10 14:18:16', '2015-2016'),
(28, 51, 1, 18, 15, '2015-09-10 18:36:17', '2015-2016'),
(29, 52, 1, 21, 36, '2015-09-10 18:38:22', '2015-2016'),
(30, 118, 1, 21, 60, '2015-09-10 18:41:50', '2015-2016'),
(31, 83, 1, 21, 66, '2015-09-10 18:44:06', '2015-2016'),
(32, 63, 1, 16, 47, '2015-09-10 19:30:46', '2015-2016'),
(33, 93, 1, 21, 80, '2015-09-10 21:11:36', '2015-2016'),
(34, 57, 1, 17, 33, '2015-09-11 09:56:19', '2015-2016'),
(35, 30, 1, 20, 42, '2015-09-11 10:58:44', '2015-2016'),
(36, 29, 1, 12, 42, '2015-09-11 10:59:10', '2015-2016'),
(37, 112, 1, 28, 83, '2015-09-11 11:04:47', '2015-2016'),
(38, 113, 1, 12, 83, '2015-09-11 11:05:02', '2015-2016'),
(39, 43, 1, 10, 5, '2015-09-11 11:34:46', '2015-2016'),
(40, 105, 1, 12, 74, '2015-09-11 11:39:55', '2015-2016'),
(41, 107, 1, 13, 74, '2015-09-11 11:40:40', '2015-2016'),
(42, 106, 1, 10, 74, '2015-09-11 11:41:13', '2015-2016'),
(43, 45, 1, 17, 29, '2015-09-11 11:41:51', '2015-2016'),
(44, 46, 1, 17, 30, '2015-09-11 12:51:16', '2015-2016'),
(45, 119, 1, 12, 85, '2015-09-11 14:26:02', '2015-2016'),
(47, 73, 1, 17, 58, '2015-09-11 15:06:52', '2015-2016'),
(48, 94, 1, 17, 80, '2015-09-11 15:15:16', '2015-2016'),
(49, 24, 1, 20, 27, '2015-09-11 15:18:26', '2015-2016'),
(50, 22, 1, 12, 27, '2015-09-11 15:18:49', '2015-2016'),
(51, 23, 1, 10, 27, '2015-09-11 15:19:03', '2015-2016'),
(52, 21, 1, 9, 27, '2015-09-11 15:21:20', '2015-2016'),
(53, 129, 1, 9, 87, '2015-09-11 15:40:09', '2015-2016'),
(54, 128, 1, 12, 87, '2015-09-11 15:40:25', '2015-2016'),
(55, 130, 1, 28, 89, '2015-09-11 15:54:15', '2015-2016'),
(56, 44, 1, 12, 28, '2015-09-11 15:55:57', '2015-2016'),
(57, 67, 1, 9, 52, '2015-09-11 16:15:58', '2015-2016'),
(59, 116, 1, 12, 2, '2015-09-11 18:20:19', '2015-2016'),
(60, 66, 1, 20, 51, '2015-09-11 19:01:13', '2015-2016'),
(61, 16, 1, 7, 26, '2015-09-11 19:54:19', '2015-2016'),
(62, 38, 1, 12, 18, '2015-09-11 20:38:56', '2015-2016'),
(63, 114, 1, 7, 75, '2015-09-11 21:51:50', '2015-2016'),
(64, 104, 1, 10, 75, '2015-09-11 21:52:32', '2015-2016'),
(65, 115, 1, 17, 75, '2015-09-11 21:53:07', '2015-2016'),
(67, 100, 1, 9, 76, '2015-09-11 22:34:51', '2015-2016'),
(68, 12, 1, 20, 23, '2015-09-12 01:03:00', '2015-2016'),
(69, 131, 1, 20, 90, '2015-09-12 01:10:55', '2015-2016'),
(71, 95, 1, 12, 79, '2015-09-12 08:39:30', '2015-2016'),
(72, 75, 1, 12, 16, '2015-09-12 11:52:35', '2015-2016'),
(73, 28, 1, 17, 37, '2015-09-12 11:54:39', '2015-2016'),
(74, 27, 1, 12, 37, '2015-09-12 11:54:52', '2015-2016'),
(75, 56, 1, 12, 34, '2015-09-12 12:05:35', '2015-2016'),
(76, 9, 1, 20, 13, '2015-09-12 12:37:41', '2015-2016'),
(77, 41, 1, 12, 21, '2015-09-12 13:51:28', '2015-2016'),
(78, 108, 1, 18, 73, '2015-09-12 13:51:47', '2015-2016'),
(79, 109, 1, 24, 73, '2015-09-12 13:53:19', '2015-2016'),
(80, 110, 1, 9, 73, '2015-09-12 13:54:48', '2015-2016'),
(81, 40, 1, 12, 20, '2015-09-12 14:16:24', '2015-2016'),
(82, 54, 1, 12, 32, '2015-09-12 16:50:06', '2015-2016'),
(83, 125, 1, 28, 56, '2015-09-12 18:46:48', '2015-2016'),
(84, 76, 1, 17, 56, '2015-09-12 18:48:30', '2015-2016'),
(85, 62, 1, 12, 45, '2015-09-12 18:57:08', '2015-2016'),
(86, 13, 1, 12, 23, '2015-09-12 19:08:55', '2015-2016'),
(87, 17, 1, 17, 26, '2015-09-12 20:08:19', '2015-2016'),
(88, 84, 1, 1, 67, '2015-09-12 20:28:00', '2015-2016'),
(89, 85, 1, 12, 67, '2015-09-12 20:28:23', '2015-2016'),
(90, 103, 1, 17, 77, '2015-09-12 20:49:40', '2015-2016'),
(91, 102, 1, 7, 77, '2015-09-12 20:49:59', '2015-2016'),
(92, 99, 1, 12, 78, '2015-09-12 20:59:29', '2015-2016'),
(93, 98, 1, 10, 78, '2015-09-12 21:00:03', '2015-2016'),
(94, 97, 1, 9, 78, '2015-09-12 21:00:47', '2015-2016'),
(95, 49, 1, 17, 40, '2015-09-12 21:14:03', '2015-2016'),
(96, 48, 1, 17, 31, '2015-09-12 21:17:50', '2015-2016'),
(97, 53, 1, 9, 38, '2015-09-12 21:42:54', '2015-2016'),
(98, 92, 1, 12, 82, '2015-09-12 22:06:11', '2015-2016'),
(99, 91, 1, 17, 82, '2015-09-12 22:06:28', '2015-2016'),
(100, 47, 1, 17, 41, '2015-09-12 23:32:34', '2015-2016'),
(101, 18, 1, 13, 25, '2015-09-13 00:01:44', '2015-2016'),
(103, 42, 1, 5, 22, '2015-09-13 05:37:44', '2015-2016'),
(104, 90, 1, 7, 72, '2015-09-13 07:17:02', '2015-2016'),
(105, 120, 1, 24, 81, '2015-09-13 08:11:41', '2015-2016'),
(106, 124, 1, 28, 81, '2015-09-13 08:12:32', '2015-2016'),
(107, 123, 1, 7, 81, '2015-09-13 08:12:59', '2015-2016'),
(108, 122, 1, 12, 81, '2015-09-13 08:13:18', '2015-2016'),
(109, 86, 1, 12, 68, '2015-09-13 08:16:51', '2015-2016'),
(110, 87, 1, 9, 69, '2015-09-13 08:17:50', '2015-2016'),
(111, 78, 1, 17, 62, '2015-09-13 08:23:43', '2015-2016'),
(112, 79, 1, 20, 62, '2015-09-13 08:25:01', '2015-2016'),
(113, 101, 1, 12, 76, '2015-09-13 08:25:58', '2015-2016'),
(114, 69, 1, 12, 54, '2015-09-13 09:03:42', '2015-2016'),
(115, 34, 1, 17, 48, '2015-09-13 09:06:52', '2015-2016'),
(116, 35, 1, 20, 48, '2015-09-13 09:07:33', '2015-2016'),
(117, 36, 1, 12, 48, '2015-09-13 09:09:40', '2015-2016'),
(118, 80, 1, 20, 63, '2015-09-13 09:34:53', '2015-2016'),
(119, 14, 1, 5, 24, '2015-09-13 09:52:29', '2015-2016'),
(120, 15, 1, 12, 24, '2015-09-13 09:55:22', '2015-2016'),
(121, 37, 1, 17, 17, '2015-09-13 10:01:46', '2015-2016'),
(122, 74, 1, 17, 59, '2015-09-13 10:14:43', '2015-2016'),
(123, 31, 1, 20, 46, '2015-09-13 10:28:19', '2015-2016'),
(124, 32, 1, 17, 46, '2015-09-13 10:28:37', '2015-2016'),
(125, 33, 1, 17, 46, '2015-09-13 10:28:57', '2015-2016'),
(126, 89, 1, 17, 71, '2015-09-13 10:38:32', '2015-2016'),
(127, 117, 1, 17, 84, '2015-09-13 10:56:41', '2015-2016'),
(128, 88, 1, 12, 70, '2015-09-13 11:25:03', '2015-2016'),
(129, 121, 1, 24, 81, '2015-09-13 11:48:13', '2015-2016'),
(130, 134, 1, 20, 93, '2015-09-13 11:49:07', '2015-2016'),
(131, 133, 1, 12, 92, '2015-09-13 12:19:16', '2015-2016'),
(132, 126, 1, 12, 86, '2015-09-13 12:26:46', '2015-2016'),
(133, 127, 1, 17, 86, '2015-09-13 12:31:15', '2015-2016'),
(134, 50, 1, 20, 13, '2015-09-13 12:32:55', '2015-2016'),
(135, 65, 1, 17, 50, '2015-09-13 12:46:34', '2015-2016'),
(136, 39, 1, 5, 19, '2015-09-13 13:10:03', '2015-2016'),
(137, 111, 1, 17, 61, '2015-09-13 13:24:44', '2015-2016'),
(138, 59, 1, 12, 43, '2015-09-13 13:26:56', '2015-2016'),
(139, 82, 1, 12, 65, '2015-09-13 13:27:10', '2015-2016'),
(140, 70, 1, 12, 55, '2015-09-13 13:27:29', '2015-2016'),
(141, 132, 1, 12, 91, '2015-09-13 21:12:05', '2015-2016'),
(142, 26, 1, 12, 35, '2015-09-13 21:12:15', '2015-2016'),
(143, 25, 1, 12, 35, '2015-09-13 21:12:26', '2015-2016'),
(144, 26, 2, 22, 35, '2015-09-17 08:16:26', '2015-2016'),
(145, 25, 2, 25, 35, '2015-09-17 08:16:53', '2015-2016'),
(146, 95, 2, 1, 79, '2015-09-17 10:10:20', '2015-2016'),
(147, 71, 2, 22, 57, '2015-09-17 11:15:49', '2015-2016'),
(148, 72, 2, 1, 57, '2015-09-17 11:16:07', '2015-2016'),
(149, 133, 2, 22, 92, '2015-09-17 11:38:40', '2015-2016'),
(150, 30, 2, 22, 42, '2015-09-17 11:42:39', '2015-2016'),
(151, 29, 2, 3, 42, '2015-09-17 11:43:57', '2015-2016'),
(152, 29, 2, 25, 42, '2015-09-17 11:45:02', '2015-2016'),
(153, 118, 2, 17, 60, '2015-09-17 12:22:43', '2015-2016'),
(154, 90, 2, 14, 72, '2015-09-17 15:27:43', '2015-2016'),
(155, 10, 2, 17, 14, '2015-09-17 16:28:09', '2015-2016'),
(156, 11, 2, 22, 14, '2015-09-17 16:28:51', '2015-2016'),
(157, 54, 2, 22, 32, '2015-09-17 17:32:00', '2015-2016'),
(158, 83, 2, 22, 66, '2015-09-18 00:00:48', '2015-2016'),
(159, 69, 2, 31, 54, '2015-09-18 06:32:48', '2015-2016'),
(160, 55, 2, 22, 39, '2015-09-18 06:41:25', '2015-2016'),
(161, 45, 2, 22, 29, '2015-09-18 09:13:23', '2015-2016'),
(162, 67, 2, 17, 52, '2015-09-18 10:45:21', '2015-2016'),
(163, 113, 2, 17, 83, '2015-09-18 12:11:13', '2015-2016'),
(164, 43, 2, 29, 5, '2015-09-18 12:21:05', '2015-2016'),
(165, 57, 2, 22, 33, '2015-09-18 13:28:40', '2015-2016'),
(166, 56, 2, 17, 34, '2015-09-18 13:29:30', '2015-2016'),
(167, 68, 2, 3, 53, '2015-09-18 14:31:28', '2015-2016'),
(168, 9, 2, 1, 13, '2015-09-18 14:51:55', '2015-2016'),
(169, 50, 2, 17, 13, '2015-09-18 14:53:38', '2015-2016'),
(170, 119, 2, 22, 85, '2015-09-18 15:14:31', '2015-2016'),
(171, 46, 2, 1, 30, '2015-09-18 16:20:14', '2015-2016'),
(172, 44, 2, 22, 28, '2015-09-18 16:35:35', '2015-2016'),
(173, 99, 2, 22, 78, '2015-09-18 17:30:06', '2015-2016'),
(174, 98, 2, 25, 78, '2015-09-18 17:30:43', '2015-2016'),
(175, 97, 2, 3, 78, '2015-09-18 17:31:23', '2015-2016'),
(176, 131, 2, 3, 90, '2015-09-18 18:13:57', '2015-2016'),
(177, 12, 2, 22, 23, '2015-09-18 19:49:47', '2015-2016'),
(179, 66, 2, 22, 51, '2015-09-18 20:30:53', '2015-2016'),
(180, 53, 2, 22, 38, '2015-09-18 23:42:36', '2015-2016'),
(181, 132, 2, 22, 91, '2015-09-19 08:30:28', '2015-2016'),
(182, 38, 2, 21, 18, '2015-09-19 09:16:30', '2015-2016'),
(183, 75, 2, 22, 16, '2015-09-19 11:56:41', '2015-2016'),
(184, 37, 2, 22, 17, '2015-09-19 12:53:39', '2015-2016'),
(185, 13, 2, 25, 23, '2015-09-19 17:40:40', '2015-2016'),
(186, 52, 2, 3, 36, '2015-09-19 19:06:10', '2015-2016'),
(187, 105, 2, 22, 74, '2015-09-19 20:06:50', '2015-2016'),
(188, 106, 2, 3, 74, '2015-09-19 20:07:45', '2015-2016'),
(189, 17, 2, 22, 26, '2015-09-19 20:15:03', '2015-2016'),
(190, 16, 2, 17, 26, '2015-09-19 20:16:10', '2015-2016'),
(191, 48, 2, 22, 31, '2015-09-19 20:47:57', '2015-2016'),
(192, 76, 2, 3, 56, '2015-09-19 21:08:45', '2015-2016'),
(193, 49, 2, 14, 40, '2015-09-19 21:11:12', '2015-2016'),
(194, 129, 2, 22, 87, '2015-09-19 21:41:53', '2015-2016'),
(195, 128, 2, 17, 87, '2015-09-19 21:42:21', '2015-2016'),
(196, 114, 2, 22, 75, '2015-09-19 22:54:56', '2015-2016'),
(197, 104, 2, 22, 75, '2015-09-19 22:55:22', '2015-2016'),
(198, 115, 2, 3, 75, '2015-09-19 22:55:42', '2015-2016'),
(199, 60, 2, 3, 44, '2015-09-19 22:58:42', '2015-2016'),
(200, 61, 2, 22, 44, '2015-09-19 22:59:10', '2015-2016'),
(201, 63, 2, 22, 47, '2015-09-19 23:03:42', '2015-2016'),
(202, 59, 2, 22, 43, '2015-09-19 23:11:45', '2015-2016'),
(203, 31, 2, 22, 46, '2015-09-19 23:16:44', '2015-2016'),
(204, 32, 2, 29, 46, '2015-09-19 23:17:19', '2015-2016'),
(205, 47, 2, 22, 41, '2015-09-20 00:25:44', '2015-2016'),
(206, 41, 2, 22, 21, '2015-09-20 00:27:43', '2015-2016'),
(207, 103, 2, 22, 77, '2015-09-20 00:53:02', '2015-2016'),
(208, 33, 2, 29, 46, '2015-09-20 07:44:10', '2015-2016'),
(209, 27, 2, 22, 37, '2015-09-20 08:06:07', '2015-2016'),
(210, 28, 2, 25, 37, '2015-09-20 08:06:32', '2015-2016'),
(211, 87, 2, 17, 69, '2015-09-20 08:12:42', '2015-2016'),
(212, 86, 2, 1, 68, '2015-09-20 08:13:51', '2015-2016'),
(213, 101, 2, 22, 76, '2015-09-20 08:15:41', '2015-2016'),
(214, 100, 2, 17, 76, '2015-09-20 08:16:39', '2015-2016'),
(215, 134, 2, 22, 93, '2015-09-20 08:48:16', '2015-2016'),
(216, 80, 2, 22, 63, '2015-09-20 08:51:09', '2015-2016'),
(217, 62, 2, 22, 45, '2015-09-20 09:09:07', '2015-2016'),
(218, 42, 2, 29, 22, '2015-09-20 09:11:04', '2015-2016'),
(219, 78, 2, 22, 62, '2015-09-20 09:16:24', '2015-2016'),
(220, 79, 2, 17, 62, '2015-09-20 09:16:54', '2015-2016'),
(221, 24, 2, 25, 27, '2015-09-20 09:37:30', '2015-2016'),
(222, 20, 2, 3, 27, '2015-09-20 09:37:42', '2015-2016'),
(223, 22, 2, 14, 27, '2015-09-20 09:37:59', '2015-2016'),
(224, 23, 2, 24, 27, '2015-09-20 09:38:24', '2015-2016'),
(225, 21, 2, 22, 27, '2015-09-20 09:38:57', '2015-2016'),
(226, 116, 2, 17, 2, '2015-09-20 09:40:20', '2015-2016'),
(227, 74, 2, 22, 59, '2015-09-20 10:10:09', '2015-2016'),
(228, 34, 2, 22, 48, '2015-09-20 10:11:13', '2015-2016'),
(229, 35, 2, 14, 48, '2015-09-20 10:12:04', '2015-2016'),
(230, 36, 2, 25, 48, '2015-09-20 10:12:26', '2015-2016'),
(231, 89, 2, 22, 71, '2015-09-20 10:19:53', '2015-2016'),
(232, 117, 2, 22, 84, '2015-09-20 11:00:16', '2015-2016'),
(233, 65, 2, 29, 50, '2015-09-20 11:09:26', '2015-2016'),
(234, 14, 2, 22, 24, '2015-09-20 11:26:56', '2015-2016'),
(235, 15, 2, 17, 24, '2015-09-20 11:27:11', '2015-2016'),
(236, 102, 2, 29, 77, '2015-09-20 11:31:44', '2015-2016'),
(237, 64, 2, 29, 49, '2015-09-20 12:06:09', '2015-2016'),
(238, 88, 2, 17, 70, '2015-09-20 12:11:39', '2015-2016'),
(239, 110, 2, 22, 73, '2015-09-20 12:19:36', '2015-2016'),
(240, 126, 2, 22, 86, '2015-09-20 12:22:54', '2015-2016'),
(241, 127, 2, 29, 86, '2015-09-20 12:23:11', '2015-2016'),
(242, 84, 2, 3, 67, '2015-09-20 12:24:52', '2015-2016'),
(243, 82, 2, 25, 65, '2015-09-20 12:27:06', '2015-2016'),
(244, 85, 2, 17, 67, '2015-09-20 12:27:43', '2015-2016'),
(245, 123, 2, 22, 81, '2015-09-20 12:35:15', '2015-2016'),
(246, 122, 2, 3, 81, '2015-09-20 12:35:59', '2015-2016'),
(247, 94, 2, 3, 80, '2015-09-20 12:55:25', '2015-2016'),
(248, 93, 2, 22, 80, '2015-09-20 12:55:45', '2015-2016'),
(249, 73, 2, 25, 58, '2015-09-20 12:56:55', '2015-2016'),
(250, 135, 2, 17, 91, '2015-09-20 12:58:47', '2015-2016'),
(251, 91, 2, 3, 82, '2015-09-20 12:59:09', '2015-2016'),
(252, 92, 2, 17, 82, '2015-09-20 12:59:31', '2015-2016'),
(253, 39, 2, 17, 19, '2015-09-20 13:13:23', '2015-2016'),
(254, 111, 2, 1, 61, '2015-09-20 17:13:49', '2015-2016'),
(255, 77, 2, 25, 61, '2015-09-20 17:14:32', '2015-2016'),
(256, 40, 2, 1, 20, '2015-09-20 20:16:54', '2015-2016'),
(257, 70, 2, 1, 55, '2015-09-21 09:26:01', '2015-2016'),
(258, 38, 3, 14, 18, '2015-09-24 06:30:37', '2015-2016'),
(259, 25, 3, 5, 35, '2015-09-24 06:59:37', '2015-2016'),
(260, 95, 3, 28, 79, '2015-09-24 09:44:20', '2015-2016'),
(261, 72, 3, 21, 57, '2015-09-24 15:43:59', '2015-2016'),
(262, 46, 3, 21, 30, '2015-09-25 18:58:31', '2015-2016'),
(263, 13, 3, 21, 23, '2015-09-25 22:20:56', '2015-2016'),
(264, 98, 3, 21, 78, '2015-09-26 17:08:00', '2015-2016'),
(265, 24, 3, 28, 27, '2015-09-26 18:09:28', '2015-2016'),
(266, 82, 3, 21, 65, '2015-09-26 23:04:18', '2015-2016'),
(267, 28, 3, 21, 37, '2015-09-27 08:52:45', '2015-2016'),
(268, 86, 3, 28, 68, '2015-09-27 10:51:08', '2015-2016'),
(269, 36, 3, 28, 48, '2015-09-27 11:10:07', '2015-2016'),
(270, 111, 3, 21, 61, '2015-09-27 13:46:13', '2015-2016'),
(271, 77, 3, 14, 61, '2015-09-27 13:46:32', '2015-2016'),
(272, 40, 3, 14, 20, '2015-09-27 13:46:59', '2015-2016'),
(273, 73, 3, 21, 58, '2015-09-27 13:47:23', '2015-2016'),
(274, 9, 3, 14, 13, '2015-09-27 13:48:01', '2015-2016'),
(275, 70, 3, 21, 55, '2015-09-27 14:03:19', '2015-2016'),
(276, 95, 4, 14, 79, '2015-10-01 13:49:07', '2015-2016'),
(277, 72, 4, 2, 57, '2015-10-01 18:19:17', '2015-2016'),
(278, 46, 4, 12, 30, '2015-10-02 18:08:07', '2015-2016'),
(279, 13, 4, 26, 23, '2015-10-02 21:39:51', '2015-2016'),
(280, 38, 4, 2, 18, '2015-10-02 21:55:19', '2015-2016'),
(281, 25, 4, 28, 35, '2015-10-02 22:55:54', '2015-2016'),
(282, 82, 4, 28, 65, '2015-10-03 19:20:18', '2015-2016'),
(283, 24, 4, 1, 27, '2015-10-03 22:23:09', '2015-2016'),
(284, 98, 4, 28, 78, '2015-10-03 22:25:29', '2015-2016'),
(285, 86, 4, 4, 68, '2015-10-04 08:26:33', '2015-2016'),
(286, 28, 4, 12, 37, '2015-10-04 08:56:41', '2015-2016'),
(287, 36, 4, 4, 48, '2015-10-04 11:39:13', '2015-2016'),
(288, 73, 4, 20, 58, '2015-10-04 13:16:45', '2015-2016'),
(289, 40, 4, 20, 20, '2015-10-04 13:18:21', '2015-2016'),
(290, 77, 4, 2, 61, '2015-10-04 13:19:33', '2015-2016'),
(291, 111, 4, 5, 61, '2015-10-04 13:20:11', '2015-2016'),
(292, 9, 4, 5, 13, '2015-10-04 13:21:10', '2015-2016'),
(293, 70, 4, 20, 55, '2015-10-04 13:23:20', '2015-2016'),
(294, 95, 5, 2, 79, '2015-10-08 10:04:41', '2015-2016'),
(295, 46, 5, 16, 30, '2015-10-08 15:54:13', '2015-2016'),
(296, 72, 5, 16, 57, '2015-10-08 18:22:55', '2015-2016'),
(297, 82, 5, 2, 65, '2015-10-08 19:41:35', '2015-2016'),
(298, 25, 5, 1, 35, '2015-10-08 21:06:06', '2015-2016'),
(299, 38, 5, 3, 18, '2015-10-09 16:41:06', '2015-2016'),
(300, 13, 5, 19, 23, '2015-10-09 18:53:53', '2015-2016'),
(301, 28, 5, 2, 37, '2015-10-10 12:18:19', '2015-2016'),
(302, 111, 5, 16, 61, '2015-10-11 14:42:40', '2015-2016'),
(303, 70, 5, 16, 55, '2015-10-11 14:43:18', '2015-2016'),
(304, 77, 5, 10, 61, '2015-10-11 14:44:56', '2015-2016'),
(305, 9, 5, 12, 13, '2015-10-11 14:45:56', '2015-2016'),
(306, 73, 5, 12, 58, '2015-10-11 14:46:25', '2015-2016'),
(307, 40, 5, 16, 20, '2015-10-11 14:46:47', '2015-2016'),
(308, 82, 6, 10, 65, '2015-10-15 05:47:04', '2015-2016'),
(309, 13, 6, 28, 23, '2015-10-15 13:33:45', '2015-2016'),
(310, 95, 6, 21, 79, '2015-10-15 13:47:56', '2015-2016'),
(311, 25, 6, 7, 35, '2015-10-17 01:16:17', '2015-2016'),
(312, 28, 6, 20, 37, '2015-10-18 10:59:20', '2015-2016'),
(313, 77, 6, 20, 61, '2015-10-18 13:27:53', '2015-2016'),
(314, 9, 6, 10, 13, '2015-10-18 13:28:15', '2015-2016'),
(315, 73, 6, 10, 58, '2015-10-18 13:30:35', '2015-2016'),
(316, 95, 7, 26, 79, '2015-10-23 21:12:31', '2015-2016'),
(317, 25, 7, 14, 35, '2015-10-23 23:10:05', '2015-2016'),
(318, 82, 7, 1, 65, '2015-10-24 20:03:25', '2015-2016'),
(319, 28, 7, 26, 37, '2015-10-25 09:58:07', '2015-2016'),
(320, 77, 7, 1, 61, '2015-10-25 13:07:10', '2015-2016'),
(321, 9, 7, 29, 13, '2015-10-25 13:10:42', '2015-2016'),
(322, 73, 7, 26, 58, '2015-10-25 13:11:31', '2015-2016'),
(323, 73, 8, 5, 58, '2015-10-30 10:13:49', '2015-2016'),
(324, 9, 8, 2, 13, '2015-10-30 10:15:33', '2015-2016'),
(325, 82, 8, 5, 65, '2015-10-31 23:39:46', '2015-2016'),
(326, 82, 9, 22, 65, '2015-11-05 17:48:17', '2015-2016'),
(327, 9, 9, 21, 13, '2015-11-06 09:15:03', '2015-2016');

-- --------------------------------------------------------

--
-- Table structure for table `kh_player_picks_history`
--

CREATE TABLE IF NOT EXISTS `kh_player_picks_history` (
  `id` int(11) NOT NULL AUTO_INCREMENT,
  `player_id` int(11) NOT NULL,
  `week_id` int(11) NOT NULL,
  `new_team_id` int(11) NOT NULL,
  `old_team_id` int(11) NOT NULL,
  `user_id` int(11) NOT NULL,
  `edited_by_user_id` int(11) NOT NULL,
  `picked_time_stamp` datetime NOT NULL,
  PRIMARY KEY (`id`)
) ENGINE=MyISAM  DEFAULT CHARSET=utf8 COLLATE=utf8_unicode_ci AUTO_INCREMENT=31 ;

-- --------------------------------------------------------

--
-- Table structure for table `kh_player_picks_history_archive`
--

CREATE TABLE IF NOT EXISTS `kh_player_picks_history_archive` (
  `id` int(11) NOT NULL AUTO_INCREMENT,
  `player_id` int(11) NOT NULL,
  `week_id` int(11) NOT NULL,
  `new_team_id` int(11) NOT NULL,
  `old_team_id` int(11) NOT NULL,
  `user_id` int(11) NOT NULL,
  `edited_by_user_id` int(11) NOT NULL,
  `picked_time_stamp` datetime NOT NULL,
  `year` varchar(10) NOT NULL,
  PRIMARY KEY (`id`)
) ENGINE=InnoDB  DEFAULT CHARSET=utf8 AUTO_INCREMENT=31 ;

--
-- Dumping data for table `kh_player_picks_history_archive`
--

INSERT INTO `kh_player_picks_history_archive` (`id`, `player_id`, `week_id`, `new_team_id`, `old_team_id`, `user_id`, `edited_by_user_id`, `picked_time_stamp`, `year`) VALUES
(4, 63, 1, 16, 12, 47, 47, '2015-09-11 19:34:18', '2015-2016'),
(5, 16, 1, 7, 10, 26, 26, '2015-09-12 20:09:48', '2015-2016'),
(6, 89, 1, 17, 14, 71, 71, '2015-09-13 11:38:06', '2015-2016'),
(7, 80, 1, 20, 23, 63, 1, '2015-09-13 21:07:54', '2015-2016'),
(8, 73, 1, 12, 28, 58, 1, '2015-09-13 21:08:16', '2015-2016'),
(9, 73, 1, 17, 12, 58, 1, '2015-09-13 21:11:10', '2015-2016'),
(10, 39, 1, 5, 3, 19, 1, '2015-09-14 09:19:45', '2015-2016'),
(11, 72, 2, 31, 22, 57, 57, '2015-09-17 11:17:26', '2015-2016'),
(12, 45, 2, 22, 29, 29, 29, '2015-09-18 13:43:28', '2015-2016'),
(13, 90, 2, 14, 17, 72, 72, '2015-09-18 13:58:42', '2015-2016'),
(14, 119, 2, 22, 25, 85, 85, '2015-09-18 15:27:13', '2015-2016'),
(15, 63, 2, 22, 31, 47, 47, '2015-09-20 12:03:20', '2015-2016'),
(16, 88, 2, 17, 29, 70, 70, '2015-09-20 12:12:26', '2015-2016'),
(17, 72, 2, 1, 31, 57, 57, '2015-09-20 12:45:28', '2015-2016'),
(18, 133, 2, 22, 25, 92, 1, '2015-09-20 12:49:59', '2015-2016'),
(19, 9, 2, 1, 17, 13, 1, '2015-09-21 09:33:05', '2015-2016'),
(20, 29, 2, 25, 22, 42, 1, '2015-09-21 09:34:03', '2015-2016'),
(21, 73, 2, 25, 22, 58, 1, '2015-09-21 11:14:28', '2015-2016'),
(22, 25, 3, 5, 28, 35, 35, '2015-09-27 11:52:50', '2015-2016'),
(23, 9, 3, 14, 22, 13, 1, '2015-09-27 14:05:18', '2015-2016'),
(24, 25, 4, 28, 1, 35, 35, '2015-10-02 22:57:18', '2015-2016'),
(25, 28, 4, 12, 14, 37, 37, '2015-10-04 09:59:20', '2015-2016'),
(26, 25, 5, 1, 19, 35, 35, '2015-10-10 23:07:47', '2015-2016'),
(27, 82, 6, 10, 1, 65, 65, '2015-10-15 05:47:22', '2015-2016'),
(28, 25, 6, 7, 21, 35, 35, '2015-10-18 00:28:28', '2015-2016'),
(29, 73, 8, 2, 1, 58, 1, '2015-11-01 12:37:56', '2015-2016'),
(30, 73, 8, 5, 2, 58, 1, '2015-11-01 12:38:45', '2015-2016');

-- --------------------------------------------------------

--
-- Table structure for table `kh_teams`
--

CREATE TABLE IF NOT EXISTS `kh_teams` (
  `id` int(11) NOT NULL AUTO_INCREMENT,
  `code` varchar(10) NOT NULL,
  `full_name` varchar(50) NOT NULL,
  `short_name` varchar(50) NOT NULL,
  `games_won` varchar(50) NOT NULL,
  `games_lost` varchar(50) NOT NULL,
  PRIMARY KEY (`id`)
) ENGINE=InnoDB  DEFAULT CHARSET=utf8 AUTO_INCREMENT=33 ;

--
-- Dumping data for table `kh_teams`
--

INSERT INTO `kh_teams` (`id`, `code`, `full_name`, `short_name`, `games_won`, `games_lost`) VALUES
(1, 'ARI', 'Arizona Cardinals', 'Arizona', '', ''),
(2, 'ATL', 'Atlanta Falcons', 'Atlanta', '', ''),
(3, 'BAL', 'Baltimore Ravens', 'Baltimore', '', ''),
(4, 'BUF', 'Buffalo Bills', 'Buffalo', '', ''),
(5, 'CAR', 'Carolina Panthers', 'Carolina', '', ''),
(6, 'CHI', 'Chicago Bears', 'Chicago', '', ''),
(7, 'CIN', 'Cincinnati Bengals', 'Cincinnati', '', ''),
(8, 'CLE', 'Cleveland Browns', 'Cleveland', '', ''),
(9, 'DAL', 'Dallas Cowboys', 'Dallas', '', ''),
(10, 'DEN', 'Denver Broncos', 'Denver', '', ''),
(11, 'DET', 'Detroit Lions', 'Detroit', '', ''),
(12, 'GB', 'Green Bay Packers', 'Green Bay', '', ''),
(13, 'HOU', 'Houston Texans', 'Houston', '', ''),
(14, 'IND', 'Indianapolis Colts', 'Indianapolis', '', ''),
(15, 'JAC', 'Jacksonville Jaguars', 'Jacksonville', '', ''),
(16, 'KC', 'Kansas City Chiefs', 'Kansas City', '', ''),
(17, 'MIA', 'Miami Dolphins', 'Miami', '', ''),
(18, 'MIN', 'Minnesota Vikings', 'Minnesota', '', ''),
(19, 'NYG', 'N.Y. Giants', 'N.Y. Giants', '', ''),
(20, 'NYJ', 'N.Y. Jets', 'N.Y. Jets', '', ''),
(21, 'NE', 'New England Patriots', 'New England', '', ''),
(22, 'NO', 'New Orleans Saints', 'New Orleans', '', ''),
(23, 'OAK', 'Oakland Raiders', 'Oakland', '', ''),
(24, 'PHI', 'Philadelphia Eagles', 'Philadelphia', '', ''),
(25, 'PIT', 'Pittsburgh Steelers', 'Pittsburgh', '', ''),
(26, 'SD', 'San Diego Chargers', 'San Diego', '', ''),
(27, 'SF', 'San Francisco 49ers', 'San Francisco', '', ''),
(28, 'SEA', 'Seattle Seahawks', 'Seattle', '', ''),
(29, 'STL', 'St. Louis Rams', 'St. Louis', '', ''),
(30, 'TB', 'Tampa Bay Buccaneers', 'Tampa Bay', '', ''),
(31, 'TEN', 'Tennessee Titans', 'Tennessee', '', ''),
(32, 'WAS', 'Washington Redskins', 'Washington', '', '');

-- --------------------------------------------------------

--
-- Table structure for table `kh_teams_history`
--

CREATE TABLE IF NOT EXISTS `kh_teams_history` (
  `id` int(11) NOT NULL AUTO_INCREMENT,
  `code` varchar(10) NOT NULL,
  `full_name` varchar(50) NOT NULL,
  `short_name` varchar(50) NOT NULL,
  `games_won` varchar(50) NOT NULL,
  `games_lost` varchar(50) NOT NULL,
  `year` varchar(10) NOT NULL,
  PRIMARY KEY (`id`)
) ENGINE=InnoDB  DEFAULT CHARSET=utf8 AUTO_INCREMENT=33 ;

--
-- Dumping data for table `kh_teams_history`
--

INSERT INTO `kh_teams_history` (`id`, `code`, `full_name`, `short_name`, `games_won`, `games_lost`, `year`) VALUES
(1, 'ARI', 'Arizona Cardinals', 'Arizona', '9,22,44,73,105,109', '60,80', '2015-2016'),
(2, 'ATL', 'Atlanta Falcons', 'Atlanta', '15,26,34,56,67,95', '78,108,129', '2015-2016'),
(3, 'BAL', 'Baltimore Ravens', 'Baltimore', '49,113', '13,29,37,70,89,105', '2015-2016'),
(4, 'BUF', 'Buffalo Bills', 'Buffalo', '5,45,72,124,133', '23,52,82,93', '2015-2016'),
(5, 'CAR', 'Carolina Panthers', 'Carolina', '7,18,39,53,87,104,119,121', '', '2015-2016'),
(6, 'CHI', 'Chicago Bears', 'Chicago', '55,65,132', '2,22,46,83,112', '2015-2016'),
(7, 'CIN', 'Cincinnati Bengals', 'Cincinnati', '12,24,37,57,66,82,114,120', '', '2015-2016'),
(8, 'CLE', 'Cleveland Browns', 'Cleveland', '25,70', '4,36,58,84,99,109,120', '2015-2016'),
(9, 'DAL', 'Dallas Cowboys', 'Dallas', '14,30', '34,62,74,103,117,131', '2015-2016'),
(10, 'DEN', 'Denver Broncos', 'Denver', '13,17,47,61,75,84,118', '130', '2015-2016'),
(11, 'DET', 'Detroit Lions', 'Detroit', '83', '10,21,47,63,73,97,107', '2015-2016'),
(12, 'GB', 'Green Bay Packers', 'Green Bay', '2,31,48,59,71,88', '118,121', '2015-2016'),
(13, 'HOU', 'Houston Texans', 'Houston', '41,85,115', '3,18,56,64,100', '2015-2016'),
(14, 'IND', 'Indianapolis Colts', 'Indianapolis', '35,51,64,130', '5,32,90,96,119', '2015-2016'),
(15, 'JAC', 'Jacksonville Jaguars', 'Jacksonville', '28,93', '7,38,51,68,85,126', '2015-2016'),
(16, 'KC', 'Kansas City Chiefs', 'Kansas City', '3,98,107', '17,48,57,65,81', '2015-2016'),
(17, 'MIA', 'Miami Dolphins', 'Miami', '6,86,100', '28,45,50,106,124', '2015-2016'),
(18, 'MIN', 'Minnesota Vikings', 'Minnesota', '21,42,81,97,112,125', '16,61', '2015-2016'),
(19, 'NYG', 'N.Y. Giants', 'N.Y. Giants', '33,52,76,103,128', '14,26,91,111', '2015-2016'),
(20, 'NYJ', 'N.Y. Jets', 'N.Y. Jets', '4,32,50,79,126', '40,101,116,133', '2015-2016'),
(21, 'NE', 'New England Patriots', 'New England', '1,23,38,74,90,101,106,122', '', '2015-2016'),
(22, 'NO', 'New Orleans Saints', 'New Orleans', '62,78,96,111', '9,20,39,69,123', '2015-2016'),
(23, 'OAK', 'Oakland Raiders', 'Oakland', '29,36,102,116', '12,55,75,127', '2015-2016'),
(24, 'PHI', 'Philadelphia Eagles', 'Philadelphia', '40,69,91,131', '15,30,54,104', '2015-2016'),
(25, 'PIT', 'Pittsburgh Steelers', 'Pittsburgh', '19,43,77,80,127', '1,49,98,114', '2015-2016'),
(26, 'SD', 'San Diego Chargers', 'San Diego', '10,58', '24,42,77,88,102,113,132', '2015-2016'),
(27, 'SF', 'San Francisco 49ers', 'San Francisco', '16,89,129', '19,44,59,76,92,110', '2015-2016'),
(28, 'SEA', 'Seattle Seahawks', 'Seattle', '46,63,92,117', '8,31,66,87', '2015-2016'),
(29, 'STL', 'St. Louis Rams', 'St. Louis', '8,60,99,110', '27,43,71,125', '2015-2016'),
(30, 'TB', 'Tampa Bay Buccaneers', 'Tampa Bay', '20,68,108', '11,41,53,94,128', '2015-2016'),
(31, 'TEN', 'Tennessee Titans', 'Tennessee', '11,123', '25,35,72,86,95,115', '2015-2016'),
(32, 'WAS', 'Washington Redskins', 'Washington', '27,54,94', '6,33,67,79,122', '2015-2016');

-- --------------------------------------------------------

--
-- Table structure for table `kh_user`
--

CREATE TABLE IF NOT EXISTS `kh_user` (
  `id` int(11) NOT NULL AUTO_INCREMENT,
  `user_name` varchar(50) NOT NULL,
  `display_name` varchar(50) NOT NULL,
  `password` varchar(255) NOT NULL,
  `email` varchar(150) NOT NULL,
  `activation_token` varchar(225) NOT NULL,
  `last_activation_request` datetime NOT NULL,
  `lost_password_request` tinyint(1) NOT NULL DEFAULT '0',
  `lost_password_timestamp` datetime DEFAULT NULL,
  `active` tinyint(1) NOT NULL DEFAULT '1',
  `title` varchar(150) NOT NULL,
  `sign_up_stamp` datetime NOT NULL,
  `last_sign_in_stamp` datetime DEFAULT NULL,
  `enabled` tinyint(1) NOT NULL DEFAULT '1' COMMENT 'Specifies if the account is enabled.  Disabled accounts cannot be logged in to, but they retain all of their data and settings.',
  `primary_group_id` tinyint(1) NOT NULL DEFAULT '1' COMMENT 'Specifies the primary group for the user.',
  `payment_status` tinyint(1) NOT NULL DEFAULT '1',
  `locale` varchar(10) NOT NULL DEFAULT 'en_US' COMMENT 'The language and locale to use for this user.',
  PRIMARY KEY (`id`)
) ENGINE=InnoDB  DEFAULT CHARSET=utf8 AUTO_INCREMENT=95 ;

--
-- Dumping data for table `kh_user`
--

INSERT INTO `kh_user` (`id`, `user_name`, `display_name`, `password`, `email`, `activation_token`, `last_activation_request`, `lost_password_request`, `lost_password_timestamp`, `active`, `title`, `sign_up_stamp`, `last_sign_in_stamp`, `enabled`, `primary_group_id`, `payment_status`, `locale`) VALUES
(1, 'admin', 'Keith Redo', '$2y$10$THs6r/brkHxSvFLAK0ZUQOJaNedoy24fHUgMl4tfx9.atkipS06HC', 'kmredo@gmail.com', '97a5766e4b81afe9d991703eb7359c83', '2015-08-20 16:54:28', 0, NULL, 1, 'New User', '2015-08-20 16:54:28', '2016-08-09 13:44:09', 1, 2, 0, 'en_US'),
(2, 'gkhandare', 'Ganesh', '$2y$10$i/piNOH.321pvp/xxBbYcuKXHF6AbMEIA8eGMPheBvfgz.kApgqOq', 'ganeshkhandare@gmail.com', '407389d7bc7977f505251f031527b585', '2015-08-25 10:55:58', 0, '2015-08-25 10:55:58', 1, 'New User', '2015-08-21 17:46:14', '2015-09-20 09:39:49', 1, 1, 0, 'en_US'),
(5, 'drewblue', 'DrewBlue', '$2y$10$Q.dUZ4hD1DHRJD8BOYzIlOcleIYZFkm0lerktucxPr52sKt8vBXPa', 'agnewaj@hotmail.com', 'fe68c97f64b2ad68797454c2d7775f57', '2015-09-03 10:47:39', 0, '2015-09-03 10:47:39', 1, 'New User', '2015-09-02 16:29:20', '2015-09-21 13:24:13', 1, 1, 0, 'en_US'),
(11, 'george carrico', 'Ralph Caputo', '$2y$10$3bCyWrvN2oRqcX3yPcrrLOUazQkArCTKg7ccgwzWSwOCybpgb3q9G', 'oenrattfan@aol.com', 'c32d8c00adcea409ac910361762e5770', '2015-09-08 12:49:27', 0, NULL, 1, 'New User', '2015-09-08 12:49:27', NULL, 1, 1, 0, 'en_US'),
(13, 'paulmcfadden', 'Gene Candelora', '$2y$10$MRmg3A7kFtEkuxnX0upgPOqwl9PU.aPWAxlo/t2.kHdZ2tVUxBdAK', '1986mets15@gmail.com', '1d25e2a0151b04942124ba55dcd685e9', '2015-09-09 15:00:15', 0, NULL, 1, 'New User', '2015-09-09 15:00:15', '2015-09-18 14:51:24', 1, 1, 0, 'en_US'),
(14, 'dannykeeshan', 'Danny Keeshan', '$2y$10$hdS63.2cFl.TOkRm1bbsBuBMQKCGj3IUSZc4A3YLcvw1VWZUhBBHK', 'keesh5132@yahoo.com', '448c94420b84a1e5e21ae9a1febb3164', '2015-09-09 15:07:20', 0, NULL, 1, 'New User', '2015-09-09 15:07:20', '2015-09-17 16:27:35', 1, 1, 0, 'en_US'),
(15, 'georgemcfadden', 'G String', '$2y$10$baTIcHnpGquzutmvOMlVduOPocd.OA5Pl4qDT5PYutGewVhnMHBSu', 'gwaltermcfadden@yahoo.com', '56a49f69f1d98eaf8e71032f2511724c', '2015-09-09 15:36:22', 0, NULL, 1, 'New User', '2015-09-09 15:36:22', NULL, 1, 1, 0, 'en_US'),
(16, 'eileendename', 'Eileen DeName', '$2y$10$FfcFllQozpDi9KscIkNSqOt5XvVsscLICiCglpU8zSJvD2bITokqq', 'dec2424@yahoo.com', '1dc53883041f7ebc98f679d3e0fa1d41', '2015-09-09 19:30:29', 0, NULL, 1, 'New User', '2015-09-09 19:30:29', '2015-09-19 11:56:05', 1, 1, 0, 'en_US'),
(17, 'kritter', 'KMR v KMR', '$2y$10$0Js5yZCx/pVCx98KXIwH/.30lvm/BY19Z4T/unJGp/iphpUzHIbZ.', 'kritter5@optonline.net', '44e16bb7d0543d7e055ef69b593d03cf', '2015-09-09 20:36:03', 0, NULL, 1, 'New User', '2015-09-09 20:36:03', '2015-09-19 12:51:16', 1, 1, 0, 'en_US'),
(18, 'gritter', 'GRitter', '$2y$10$Wj49uDe6RBPk4o7194mTiOS1.80bk2jj9rgAxyTdrvTes/Vh9YJM.', 'gritter5@optonline.net', 'e5fcad9cb411ae95d14c3f95af5a1402', '2015-09-09 20:38:13', 0, NULL, 1, 'New User', '2015-09-09 20:38:13', '2015-10-09 16:40:51', 1, 1, 0, 'en_US'),
(19, 'bdistefano', 'Bubbles', '$2y$10$WPCE5BeQwoudDQWb6Ghq5O5aJzCzMY/KPOMKqSI1f8Xjvd.ZbSzhi', 'bridgedistefano@optonline.net', '13cd7e8e451b596c35132f6306589e9d', '2015-09-09 20:39:10', 0, NULL, 1, 'New User', '2015-09-09 20:39:10', NULL, 1, 1, 0, 'en_US'),
(20, 'dpembroke', 'Penelope', '$2y$10$qh86B/RKxhU3i6m4vBqDY.gh3O0fSU3atAlZRaUj0AbBrS2fZ52sm', 'tinylittlebum@gmail.com', 'f2e6acd1035ad1c9de2f165d9abbe2ca', '2015-09-09 20:40:11', 0, NULL, 1, 'New User', '2015-09-09 20:40:11', '2015-09-12 13:56:23', 1, 1, 0, 'en_US'),
(21, 'anewman', 'ANewman', '$2y$10$xwvr/D.UP3/4HNKBn3k4c.DGeijtJcmSWaMc8JpiUpnrGCceon2v.', 'nbamsg@yahoo.com', '8232986a47717e569bad59c148e3adfa', '2015-09-09 20:41:44', 0, NULL, 1, 'New User', '2015-09-09 20:41:44', '2015-09-20 00:25:03', 1, 1, 0, 'en_US'),
(22, 'cdename', 'CDename', '$2y$10$pWcY2bpjoeb4kKScM8yitesDwPHalieEmxBHqdRofX7Clm/cbFR7G', 'docsdaname2@aol.com', '3e0dbea441451db28cc3dc8917da51d2', '2015-09-09 20:42:33', 0, NULL, 1, 'New User', '2015-09-09 20:42:33', '2015-09-20 09:07:15', 1, 1, 0, 'en_US'),
(23, 'bdelaney', 'BDelaney', '$2y$10$gb8NyDFC0LFRQPA1WsjMfOlmieOLB1kyKLRvSRKlZtPN16a1Db5fe', 'dloosend@yahoo.com', 'e7d9f9f84c8ab91ba2bb4f8a40480703', '2015-10-09 18:52:21', 0, '2015-10-09 18:52:21', 1, 'New User', '2015-09-09 20:44:31', '2015-10-15 13:33:29', 1, 1, 0, 'en_US'),
(24, 'rhoffman', 'Hurricane Hoffman', '$2y$10$MYgMT7Tv4WH2k1I23/EMTu1K6Ew19ZgeXiVZwb3j5qUa.nsmVDAqi', 'tvwxman@hotmail.com', '51ab7f20c78ac09d6be3305611bc86bf', '2015-09-09 20:47:14', 0, NULL, 1, 'New User', '2015-09-09 20:47:14', '2015-09-20 11:22:03', 1, 1, 0, 'en_US'),
(25, 'tdelaney', 'TDelaney', '$2y$10$4PNDl3pqAdtMRCm2GP.0S.eKtCMRLxNHMEm.IfAJ0wqW0BD4NKKkO', 'tdelaney1515@yahoo.com', '449a4640dc30631f3b566a40700b58b2', '2015-09-09 20:48:32', 0, NULL, 1, 'New User', '2015-09-09 20:48:32', '2015-09-13 12:20:02', 1, 1, 0, 'en_US'),
(26, 'jmilano', 'Pest Control', '$2y$10$QmG.R0l8jqygkA6PxytW3umVoefADHn3kH49kezch8eVmO7cjcuGa', 'jmilano7711@yahoo.com', '6873a46ddb3a5e181f1805a5b72e4125', '2015-09-09 20:50:34', 0, NULL, 1, 'New User', '2015-09-09 20:50:34', '2015-09-19 20:10:17', 1, 1, 0, 'en_US'),
(27, 'fstanek', 'FStanek', '$2y$10$GxB7YZflxkJj3J8NH1YsVexg9bl2sZNqFzU04ZebNNnietFB7XXZq', 'frank018isnow@rogers.com', 'c28ba51f63d46f32158f928461895a1a', '2015-09-09 20:51:23', 0, NULL, 1, 'New User', '2015-09-09 20:51:23', '2016-06-09 23:11:00', 1, 1, 0, 'en_US'),
(28, 'kkratz', 'KKratz', '$2y$10$5ewvDc.Ep6hCDFNqU5ZB3uwC/GhA0cxeyYJ3Rz7FhCkPB/vYMrtb.', 'kkratz@bracalente.com', '594ef0874d80185e17b43dbf735336ce', '2015-09-09 20:52:38', 0, NULL, 1, 'New User', '2015-09-09 20:52:38', '2015-09-18 16:23:06', 1, 1, 0, 'en_US'),
(29, 'jbauknecht', 'JBauk', '$2y$10$ZwO3atndLsPXT2ChIUUufekJEvyMrxvMiE0nDvat.rkBk5yI3KaA2', 'jason_bauknecht@yahoo.com', 'ee15c6cce24722f6ebc974839694b1c1', '2015-09-09 20:53:45', 0, NULL, 1, 'New User', '2015-09-09 20:53:45', '2015-09-18 13:42:57', 1, 1, 0, 'en_US'),
(30, 'jdispigno', 'JDispigno', '$2y$10$OSkEE5LwDq3qMSptgIpu9esWLfcLm/wDTcXVbqhOb2qSvKmncHrF2', 'kuch167@gmail.com', 'c5fb398401f75e5445924b2edbf33578', '2015-09-09 20:54:46', 0, NULL, 1, 'New User', '2015-09-09 20:54:46', '2015-10-08 15:53:02', 1, 1, 0, 'en_US'),
(31, 'mcarlton', 'MCarlton', '$2y$10$PeRKHjmTpwIXSLFbUR/I9uvUH.jC3dDR8rNKN1JmGbQpDvpAxBChS', 'mikecarlton20@yahoo.com', 'a9965708da22e0836c3880006ece1d2d', '2015-09-09 20:56:00', 0, NULL, 1, 'New User', '2015-09-09 20:56:00', '2015-09-19 20:47:31', 1, 1, 0, 'en_US'),
(32, 'wfolken', 'WFolken', '$2y$10$tz9F0Ly.O3avZusxhy/qLefKH2f5URibG32vcFTPUJPgcY.z6FsrK', 'fallking@aol.com', '0795d3cb722363569851eca8bae64e5d', '2015-09-09 20:58:45', 0, NULL, 1, 'New User', '2015-09-09 20:58:45', '2015-09-18 08:31:30', 1, 1, 0, 'en_US'),
(33, 'ggasiewski', 'GGasiewski', '$2y$10$4wcD0rtKe6n0QHLPIlYvheLAjjB1moeOLMRIVlcxIXS7qzheu.Slm', 'gadzook@optonline.net', 'e198fd94a864ae2b41ba023bb17f60b8', '2015-09-09 20:59:43', 0, NULL, 1, 'New User', '2015-09-09 20:59:43', '2015-09-18 13:27:26', 1, 1, 0, 'en_US'),
(34, 'kgasiewski', 'KGasiewski', '$2y$10$CZ5eygED0kmgQUkbmNV7gu3HWQ0tcCnFraom2K1toOET/K6W7C6T.', 'kmghayes3@gmail.com', '5e2dfb11017c443f437445bb975ae2b5', '2015-09-09 21:00:27', 0, NULL, 1, 'New User', '2015-09-09 21:00:27', '2015-09-18 13:29:16', 1, 1, 0, 'en_US'),
(35, 'sjakubisin', 'SJakubisin', '$2y$10$/ai3LT8OGVkdTDjKYnhKROzkQCbyiANinchbOKqM7Ly5/u5FZIf7O', 'steve_jakubisin@deanfoods.com', 'd9625c3f0406deeb8c0fc9fba5b542a2', '2015-09-13 18:40:44', 1, '2015-09-13 18:40:44', 1, 'New User', '2015-09-09 21:02:16', '2015-10-25 19:43:09', 1, 1, 0, 'en_US'),
(36, 'sscorso', 'SScorso', '$2y$10$lx9.lygG1sT8kvQR8ipQW./BmWGwCk4X7/fwUWOYQzPa9jbeby/nC', 'sscorso1@gmail.com', '3c54f8bfd644da623d6fb8f9a745210d', '2015-09-09 21:04:30', 0, NULL, 1, 'New User', '2015-09-09 21:04:30', '2015-09-19 18:54:11', 1, 1, 0, 'en_US'),
(37, 'kmee', 'KMee', '$2y$10$tXJn0eRxbZujbTplBh525.Bd7gKujsO2qcFVa0bsi.cF3YaQkX6su', 'koolkatkev73@aol.com', 'cace3929a4de8129f84d8bfa3911d9e5', '2015-09-09 21:06:30', 0, NULL, 1, 'New User', '2015-09-09 21:06:30', '2015-10-25 09:57:40', 1, 1, 0, 'en_US'),
(38, 'rfolken', 'RyanFolken', '$2y$10$gwKsFMjFwcXVooNVWY9GZOfcVoUTpAeVvdvNSfvVYKCGUdx9sq/Ny', 'snbsportz247@aol.com', '5a7ea1387f9b35f57aa4c2333a90a7b9', '2015-09-09 21:11:02', 0, NULL, 1, 'New User', '2015-09-09 21:11:02', '2015-09-18 23:42:18', 1, 1, 0, 'en_US'),
(39, 'pcarlucci', 'PCarlucci', '$2y$10$IObpteIX4evR7b30P3Lkd.erhO4O9Ul1H36U1UUmtoC7fq84bZBZu', 'pcarlucci13@gmail.com', 'cc943384754849a00746802ef342a50e', '2015-09-09 21:12:03', 0, NULL, 1, 'New User', '2015-09-09 21:12:03', '2015-09-18 06:40:48', 1, 1, 0, 'en_US'),
(40, 'ablackman', 'ABlackman', '$2y$10$YnXe8XlGxb76ZB6YcYDrIuOf3meFR5Pw7R1o2fjW8W2arBxPZwK7i', 'shamrockbacom@gmail.com', '7639634fb76e811c9e68bdbd783a60b4', '2015-09-09 21:20:05', 0, NULL, 1, 'New User', '2015-09-09 21:20:05', '2015-09-19 21:10:12', 1, 1, 0, 'en_US'),
(41, 'garyb', 'Gary Bercarich', '$2y$10$kqLKzTUD/lgZbE2QTqVmGe8lzGWjo/tFiRpzSj/DfVA0LuX7a19CO', 'garybhomeimprovements@gmail.com', '47cb87c0f2cc9ca9f9418b308a3e9a36', '2015-09-09 21:22:01', 0, NULL, 1, 'New User', '2015-09-09 21:22:01', '2015-09-20 12:09:19', 1, 1, 0, 'en_US'),
(42, 'bhale', 'BHale', '$2y$10$0SZwc3RXqEWhfkdFwxWU3.r7sZ0XmNM9AwKa8VDCUNoTOy/iDwmse', 'bryan.hale44@gmail.com', '3b185a85f7897fb2d1db6afe7b75fd24', '2015-09-09 21:42:56', 0, NULL, 1, 'New User', '2015-09-09 21:42:56', '2015-09-19 20:48:22', 1, 1, 0, 'en_US'),
(43, 'rdyer', 'RDyer', '$2y$10$.dadVq2xkdnvBOiAX8VUqumRRoG63ni2SpATvLeOvTp/dpGy4.BLq', 'rdyer21@yahoo.com', '1a605691e5170a1ada22b5055d4e5903', '2015-09-09 21:43:36', 0, NULL, 1, 'New User', '2015-09-09 21:43:36', '2015-09-19 23:21:45', 1, 1, 0, 'en_US'),
(44, 'rkeeshan', 'RKeeshan', '$2y$10$rfX5kNeV3qc0cncGzhsIXuMoF8joFHKN23dhHn1hqCkc9mqXSI.U.', 'keesh032@hotmail.com', '18cf5183e4d43009f527af6c7b40119a', '2015-09-09 21:44:28', 0, NULL, 1, 'New User', '2015-09-09 21:44:28', '2015-09-19 22:57:57', 1, 1, 0, 'en_US'),
(45, 'rdesposito', 'RDesposito', '$2y$10$pis9oXB4TyrwkEWGAGpXLOTrmvw53CW7EORJD4ii0pO0ikd5hmrnm', 'rdespoent@gmail.com', 'd7007b17602a35c4a10b270516ee27e7', '2015-09-09 21:45:16', 0, NULL, 1, 'New User', '2015-09-09 21:45:16', '2015-09-20 09:08:46', 1, 1, 0, 'en_US'),
(46, 'rdesjardins', 'Rdesjardins', '$2y$10$loRRyevvUKH6R.T6FDiQJeUWehvh2P3i0cVQWRY1h9a6DceYFd.EG', 'rogerdog45@yahoo.com', 'f76f809fce7ba8f9244ed8568753bfb3', '2015-09-09 21:48:36', 0, NULL, 1, 'New User', '2015-09-09 21:48:36', '2015-09-20 07:43:49', 1, 1, 0, 'en_US'),
(47, 'pkeeshan', 'PKeeshan', '$2y$10$TDsZkd703wCNLD/qJFefh.JJi3GKD4GwxLfvTE7BBG/a6UiWnASdO', 'keesh1127@yahoo.com', '69f1b1b0dc31cce8ae5e770e2cd857dc', '2015-09-09 21:49:28', 0, NULL, 1, 'New User', '2015-09-09 21:49:28', '2015-09-20 12:02:52', 1, 1, 0, 'en_US'),
(48, 'bpetite', 'BPetite', '$2y$10$5BPvBU9qcUGp86GT7lQ/VelFoFG59MIkrV1mfaB08zJlxxQ0s89qG', 'bryan_petite@yahoo.com', 'f1abf471c890340908eccde89f60bd34', '2015-09-09 21:50:15', 0, NULL, 1, 'New User', '2015-09-09 21:50:15', '2015-10-04 11:38:00', 1, 1, 0, 'en_US'),
(49, 'lmusillo', 'LMusillo', '$2y$10$x.Sa52M3.xh3n7mCn8vW5.erL2Sqm1URriW3brLLBdYFknEQD7VtC', 'v8sryummy@yahoo.com', '6d337c473b9ce4b74957752c9e19680b', '2015-09-09 21:50:54', 0, NULL, 1, 'New User', '2015-09-09 21:50:54', '2015-09-20 12:05:34', 1, 1, 0, 'en_US'),
(50, 'nmusillo', 'NMusillo', '$2y$10$BG928h.DOzstVEzfubmG4u6faivHfolkq4ZKxP/GYqAmTQFbn7Cva', 'curtisss2828@yahoo.com', 'c0a6db20a876cfd2855ce9daab75e57c', '2015-09-09 21:51:32', 0, NULL, 1, 'New User', '2015-09-09 21:51:32', '2015-09-20 11:08:50', 1, 1, 0, 'en_US'),
(51, 'jdillonjr', 'JDillonjr', '$2y$10$msIS90Lf83aukbWd3TOxN.s8.7BWafobHA9GE/DanY2WxJc.aeNiW', 'jeffpdillon@gmail.com', '225dd330f95b72a8924439ecee938cda', '2015-09-09 21:52:22', 0, NULL, 1, 'New User', '2015-09-09 21:52:22', '2015-09-18 20:30:30', 1, 1, 0, 'en_US'),
(52, 'jdillonsr', 'JDillonsr', '$2y$10$feoi.iNb1240vpPrxbtNEOkW6S0SOkQC1vdNLJCG0WdeV3Kpji.Sa', 'dillonjsd@optonline.net', '5d018ba93a9ef86e1f57e6a64b118e9f', '2015-09-09 21:53:13', 0, NULL, 1, 'New User', '2015-09-09 21:53:13', '2015-09-18 10:44:49', 1, 1, 0, 'en_US'),
(53, 'vciolino', 'VCiolino', '$2y$10$e4QmsptA.KJEHZhogG0mQ.f59o6CgNv2c7cNAM5TJwkMiFWnEUzDm', 'vinny@milaerosolutions.com', '331cad6b4aa7be778035b0da63e831dd', '2015-09-09 21:54:03', 0, NULL, 1, 'New User', '2015-09-09 21:54:03', '2015-09-18 14:30:38', 1, 1, 0, 'en_US'),
(54, 'moleary', 'MOleary', '$2y$10$uWVC8irTByi5I3orvHGBdO11KxeJutY/wC5cW4PZmbB7ATF2R0iOm', 'moleary0312@yahoo.com', '16875c296390d016e68c5fc7a255faf9', '2015-09-09 21:54:44', 0, NULL, 1, 'New User', '2015-09-09 21:54:44', '2015-09-18 06:32:05', 1, 1, 0, 'en_US'),
(55, 'jpetite', 'JPetite', '$2y$10$ZrWmSWYslS2XyHTKRJgzjuNHw.aMLb4LhFhj8Txp8XXdaaL9pm3he', 'jamesrpetite@yahoo.com', '1956c7884360a1d8cbd9cc223e9e36ef', '2015-09-09 21:56:12', 0, NULL, 1, 'New User', '2015-09-09 21:56:12', '2015-09-10 00:48:52', 1, 1, 0, 'en_US'),
(56, 'bdename', 'BDename', '$2y$10$jvI6Lcr9XqnuxTsOGU7EWOl/jnDaplRmb4XHAxt.NsaLyUa4fheAK', 'urout2323@aol.com', '48deee6b2eef6337c3c0ec5026e48709', '2015-09-09 22:08:03', 0, NULL, 1, 'New User', '2015-09-09 22:08:03', '2015-09-19 21:07:34', 1, 1, 0, 'en_US'),
(57, 'nbekas', 'NBekas', '$2y$10$e.JM2x5z4zneXdN3LlU0s.HS.aZRmt/9PMHfLn.iDrqgSQK4NSORy', 'nickbekas@gmail.com', '8a507d88882cb5c6bd9fbc2ecd905bf4', '2015-09-09 22:42:14', 0, NULL, 1, 'New User', '2015-09-09 22:42:14', '2015-10-08 18:22:24', 1, 1, 0, 'en_US'),
(58, 'eugene', 'Eugene', '$2y$10$5VkOQSMRbSDgBo6LYNU6m.FEY5pZkPN7.hmcS6IaF2uV5NZhewvMW', 'eugene@nys.com', '8892333b54c30e08d4955f0233801650', '2015-09-09 22:45:22', 0, NULL, 1, 'New User', '2015-09-09 22:45:22', NULL, 1, 1, 0, 'en_US'),
(59, 'aliechtung', 'Aliechtung', '$2y$10$j87qZC9pZ2PmJXaqpbw.m.3/KouDjuYuJKLKIMcpU.G8wpOpv535m', 'aliechtung@yahoo.com', '7a77789e6fafb03d3ce3323a7cc34cb2', '2015-09-09 22:47:36', 0, NULL, 1, 'New User', '2015-09-09 22:47:36', '2015-09-20 10:06:00', 1, 1, 0, 'en_US'),
(60, 'jlanaro', 'Joe Lanaro', '$2y$10$E6AgrN6UMJi/JaJONxRvE.Z.NJ9vTYUHe2QKI/ZXrxgz2JH5f7DNe', 'joelanaro1@yahoo.com', '45dbd7546e64bb6d6361d7ef54f14f5d', '2015-09-09 23:35:09', 0, NULL, 1, 'New User', '2015-09-09 23:35:09', '2015-09-17 12:22:23', 1, 1, 0, 'en_US'),
(61, 'sredo', 'Sandra Redo', '$2y$10$A0YDqkVdu6m2keJY.bUo8uHn3Tcan8wJrQAOD/kb5XzVUGX.UArmy', 'espo2516@gmail.com', '837c4c6f7704a1de51e64e15630c4b6b', '2015-09-10 11:58:15', 0, NULL, 1, 'New User', '2015-09-10 11:58:15', '2015-09-10 12:02:31', 1, 1, 0, 'en_US'),
(62, 'jalbanese', 'Joe Albanese', '$2y$10$AxcDNm0oP4A11pfNKxTzvuErZ7plXC372b9O38IkAgtdZuqh25KvC', 'alba8468@yahoo.com', '2a07d4a7256578d348f39da1b564e18b', '2015-09-10 12:07:59', 0, NULL, 1, 'New User', '2015-09-10 12:07:59', '2015-09-20 09:15:15', 1, 1, 0, 'en_US'),
(63, 'pbrennan', 'Pat Brennan', '$2y$10$4Vugjx2m1q0/AboSBYVa0eQMa4zEToAGHg/KqZj2i.XHEcPW520di', 'ptanuki17@aol.com', '3ff169c7edd4997b2b79b49f7a44f47d', '2015-09-20 08:38:16', 0, '2015-09-20 08:38:16', 1, 'New User', '2015-09-10 12:20:34', '2015-09-20 08:50:53', 1, 1, 0, 'en_US'),
(65, 'ssabella', 'Sean Sabella', '$2y$10$g0ge1uQrnOnFXeZW0OiFwuSlzHkDgE69ogPIx6P9OVxhkNqDr178i', 'seansabella@gmail.com', '1a8e7f73a83da1c73a896147db6c982a', '2015-09-10 12:24:21', 0, NULL, 1, 'New User', '2015-09-10 12:24:21', '2015-11-05 17:48:04', 1, 1, 0, 'en_US'),
(66, 'jweir', 'John Weir', '$2y$10$js4bZXTCZlFlb.R0vZRi/.mRTzvmdDhPAVVvhcRVUczTDWI1ntIuK', 'twojocks31@aol.com', 'ef74f084fc1138b4ff581e4690da1238', '2015-09-10 12:33:53', 0, NULL, 1, 'New User', '2015-09-10 12:33:53', '2015-09-20 08:54:28', 1, 1, 0, 'en_US'),
(67, 'mtuccillo', 'Mike Tuccillo', '$2y$10$PMpT9.kSs0.Nhzt307BW4e/BVi8REediGzujJbUXujnzS1DjbTMey', 'littlemike900@yahoo.com', '5d102d455bee02797c383c0a92adfd8f', '2015-09-10 12:40:03', 0, NULL, 1, 'New User', '2015-09-10 12:40:03', '2015-09-20 12:23:59', 1, 1, 0, 'en_US'),
(68, 'dsimone', 'Danielle Simone', '$2y$10$K2V7DZnp/ZeomDXGYn/Fr.hlAvIFw6xPkMJbw6nuA4dOiJopAXpAC', 'dls91810@gmail.com', 'bed86791c40acff5cd9cb46b9d9db9bb', '2015-09-10 12:50:39', 0, NULL, 1, 'New User', '2015-09-10 12:50:39', '2015-10-04 08:16:22', 1, 1, 0, 'en_US'),
(69, 'lsimone', 'Louis Simone', '$2y$10$3zN9S5sCVFrVLU0oZ9yRPOs.QX1p3HLoi2AFNTbwToG5ZdIFk3pk2', 'lsimone17@gmail.com', '19a3d27f749a503a857b3a834c559d2c', '2015-09-10 12:51:28', 0, NULL, 1, 'New User', '2015-09-10 12:51:28', '2015-09-20 08:12:06', 1, 1, 0, 'en_US'),
(70, 'kdortz', 'Kristin Dortz', '$2y$10$cS1h9jQyBXUO9Qmp.hJQauwHflzPp9m6.a9GDJjEv8ibqNgyaRa06', 'kdortz@gmail.com', '7769532ba163ace7bd7ca6da809839f7', '2015-09-10 12:56:03', 0, NULL, 1, 'New User', '2015-09-10 12:56:03', '2015-09-20 11:56:27', 1, 1, 0, 'en_US'),
(71, 'pcattabiani', 'Paul Cattabiani', '$2y$10$HwDqREKL9naR4kgIriEROubczgUKZKh0l8faEOap7el98ajJrvjKm', 'Makemoves2424@gmail.com', '5294f45f30e30a7f4ca2f8b3516fad73', '2015-09-10 12:57:31', 0, NULL, 1, 'New User', '2015-09-10 12:57:31', '2015-09-20 13:02:28', 1, 1, 0, 'en_US'),
(72, 'jhansen', 'Justin Hansen', '$2y$10$rn8lGFpT3Ay.BsPM7dxaHu/PPUxKCPFsylwwxT7rH2xTfVNF8Di46', 'fencer04@gmail.com', '4eaacd74becac7e3eb2c1989957c11e2', '2015-09-10 13:11:09', 0, NULL, 1, 'New User', '2015-09-10 13:11:09', '2015-09-18 13:58:10', 1, 1, 0, 'en_US'),
(73, 'jteta', 'James Teta', '$2y$10$6MQ64TRZ0pCRrmICgyswQOUTtACnca7fTZ79M0MhSWP2jyu25sCPq', 'jteta6@yahoo.com', '3094c854c8a87ad4b20d16214bf2438b', '2015-09-20 12:17:56', 0, '2015-09-20 12:17:56', 1, 'New User', '2015-09-10 13:22:33', '2015-09-20 12:19:07', 1, 1, 0, 'en_US'),
(74, 'rpinto', 'Ramiro Pinto', '$2y$10$XNFkD4Vq.m2RFYyQSZCYhOE2aOP9Zj8r9Mf3WXOvrITaALNxhlejC', 'ramiropinto@hotmail.com', '0a333ce2b964174b7c7f26a7697896d1', '2015-09-10 13:24:30', 0, NULL, 1, 'New User', '2015-09-10 13:24:30', '2015-09-19 20:05:58', 1, 1, 0, 'en_US'),
(75, 'jpaskalidis', 'John Paskalidis', '$2y$10$zwgC67q6IRIEoDCq6vBFr.B0QL/TOIdf6xOvaC99NOAgrCxKvTKrS', 'thellomuni@gmail.com', 'a39c00318de47705f6e1ea9aae7f57cd', '2015-09-10 13:27:26', 0, NULL, 1, 'New User', '2015-09-10 13:27:26', '2015-09-19 22:52:08', 1, 1, 0, 'en_US'),
(76, 'sfish', 'Scott Fish', '$2y$10$GF3Xd9ohpapWGIECt8WOt.ycFnykZG0.31ZnPvY9uJCBUb8GHyUD2', 'scottkatief@aol.com', '8747642052777bb26f1a0ab39dbe715c', '2015-09-10 13:29:25', 0, NULL, 1, 'New User', '2015-09-10 13:29:25', '2015-09-20 08:15:13', 1, 1, 0, 'en_US'),
(77, 'pozzem451', 'Kevin/Scott', '$2y$10$eH5gV1ulM/BW297ncm443u/ba3kaVJdjQcsePQ6/0Q4R5J3Bc7tcC', 'pozzem451@yahoo.com', '23367786c6c3201bb26e05e5270f9055', '2015-09-10 13:32:11', 0, NULL, 1, 'New User', '2015-09-10 13:32:11', '2015-09-20 11:31:24', 1, 1, 0, 'en_US'),
(78, 'jdecatur', 'Jon Decatur', '$2y$10$zxho3RFXR6nw2J.pyVKBwOo2gc9Vcaq3Agc2bcUzOjpK5HJOywsJC', 'jdecatur@sgu.edu', '04d743dffe0d246fbe72d4ea7f18ded6', '2015-09-10 13:36:15', 0, NULL, 1, 'New User', '2015-09-10 13:36:15', '2015-10-03 22:24:45', 1, 1, 0, 'en_US'),
(79, 'kfarchione', 'Kelly Farchione', '$2y$10$1NGJf9VPNbrWaTY0aaok.OwWkW0MILRo9235OI7QhHkRnAxGZieti', 'kellyfarchione@gmail.com', '446cf6a4801a86824d3d111330e08f4d', '2015-09-10 13:39:55', 0, NULL, 1, 'New User', '2015-09-10 13:39:55', '2015-10-24 14:33:39', 1, 1, 0, 'en_US'),
(80, 'mpacanovsky', 'Mpacanovsky', '$2y$10$t7MT96sk/X7hM2roUPST0.IPzg6fFq2UYLneCeLFoE1zy3QK6nqaK', 'mpacanovsky@hotmail.com', '7721dc4fc1cf653ee9e321e669937636', '2015-09-10 13:42:21', 0, NULL, 1, 'New User', '2015-09-10 13:42:21', '2015-09-11 15:13:00', 1, 1, 0, 'en_US'),
(81, 'tchristian', 'Traci Christian', '$2y$10$q5J3kM./8V0olZozClOtMe/zvA.jVAPax6H.d1MyXx/CqgpbLmG.2', '2rightur@gmail.com', '54ab8ec1d6493fa72c61d5dc1b3cd654', '2015-09-10 13:46:56', 0, NULL, 1, 'New User', '2015-09-10 13:46:56', '2015-09-20 12:31:51', 1, 1, 0, 'en_US'),
(82, 'jcandelora', 'Jeanine Candelora', '$2y$10$162h4HJz74VgDLIoV6D0qOhIfJ8rmfpNXSPSglSa8kaQZxbzdLvfC', 'j_candelora@gmail.com', '724d474edb23f1915f8d9080e3478c3a', '2015-09-10 13:50:17', 0, NULL, 1, 'New User', '2015-09-10 13:50:17', NULL, 1, 1, 0, 'en_US'),
(83, 'kredo', 'Keith Redo', '$2y$10$J6EPSQQEIT9epw8xksH8B.qiNszIKqE0nh.HNBd2DZ7UrWz4FJewy', 'kredo@molloy.edu', 'fcfe04fc4dac0c0ffcc46101cfc73fb1', '2015-09-10 14:19:15', 0, NULL, 1, 'New User', '2015-09-10 14:19:15', '2015-09-16 15:52:45', 1, 1, 0, 'en_US'),
(84, 'estratford', 'Ed Stratford', '$2y$10$/Gs/IW/O4Sjb73niyZZ1t.0sHzLxKH/JlLdl6Xrbo1eM4gezi6cT.', 'dlphnsfn1962@aol.com', 'd424f998319662fbb9fa63944351572d', '2015-09-10 18:37:15', 0, NULL, 1, 'New User', '2015-09-10 18:37:15', '2015-09-20 10:59:25', 1, 1, 0, 'en_US'),
(85, 'bburrows', 'Brendan Burrows', '$2y$10$Bt9.6ZuFWU5i3cd3PbkaJ.uz8y9lW0XbfIitdDNxEubN3MXvukqHu', 'bburrows724@gmail.com', '1bd9ece3fd3bd3e895ff2653c4a1e1b3', '2015-09-10 21:08:23', 0, NULL, 1, 'New User', '2015-09-10 21:08:23', '2015-09-20 15:21:27', 1, 1, 0, 'en_US'),
(86, 'jmcneilly', 'John McNeilly', '$2y$10$lwzGrv3RGx./QkeDS8ME9OwxmlE6/ghPMN/qUvhGb3S1qgTV4cQY2', 'johndmcneilly@yahoo.com', '4c9df0e0bcd10e551006e3f8f2eeecca', '2015-09-11 14:35:58', 0, NULL, 1, 'New User', '2015-09-11 14:35:58', '2015-09-20 12:20:54', 1, 1, 0, 'en_US'),
(87, 'mdemling', 'Mike Demling', '$2y$10$IujU4z0J/ayKOULV/N6ad.g4dj94yldadIqg4aN7k2ZxbjIS5jLjS', 'mikedny78@hotmail.com', 'e321d12a27806eef2be7d6c63a45f1aa', '2015-09-11 14:57:37', 0, NULL, 1, 'New User', '2015-09-11 14:57:37', '2015-09-20 12:11:13', 1, 1, 0, 'en_US'),
(89, 'jruth', 'Justin Ruth', '$2y$10$MyjwFtPbQUSdKCNjnvnxNep9Re5f0UGqdhGpq6CpvAJgwGGI1CTbq', 'jruth_psu@hotmail.com', 'd62fff058dfc6d4722a904f90168bd4d', '2015-09-11 15:41:00', 0, NULL, 1, 'New User', '2015-09-11 15:41:00', '2015-09-11 15:53:06', 1, 1, 0, 'en_US'),
(90, 'jrieff', 'Jordan Rieff', '$2y$10$Mf8eICTly5kd87//lsEwOOgwvkAoJUrUJJzxsiouC.7TLv4QGhqL2', 'jordanr114@optonline.net', 'db0919931efb0450d2217f7ea23186dd', '2015-09-11 20:28:59', 0, NULL, 1, 'New User', '2015-09-11 20:28:59', '2015-09-18 18:13:47', 1, 1, 0, 'en_US'),
(91, 'lfitzgibbons', 'Luke Fitzgibbons', '$2y$10$L5bcw.cw5YnyYJgz9.HLxuVqDfwcR/zgTamYVBczLKzDTNL2I9s4G', 'LFITZVS@aol.com', '5ec7d603ea2908c5a55b09c4c566f43d', '2015-09-12 11:57:39', 0, NULL, 1, 'New User', '2015-09-12 11:57:39', '2015-09-20 12:47:34', 1, 1, 0, 'en_US'),
(92, 'gdelaney', 'Gretchen Delaney', '$2y$10$C9znNike0oBbNcjUPGKO3es1E163xqB65aCdMF1EZ8moxLS4bYxz6', 'gdelaney6@yahoo.com', '832a23b4c9a56f3ac9b8796b91072973', '2015-09-13 09:01:23', 0, NULL, 1, 'New User', '2015-09-13 09:01:23', '2015-09-20 10:33:21', 1, 1, 0, 'en_US'),
(93, 'rbrennan', 'Richie Brennan', '$2y$10$JcHN5aLR0C00b1Akr3NJeeUVQNSC6wrP4zdA/cPFeZa5JX4NO5AE.', 'rslpjb@hofstra.edu', 'd4d9d366e03e5be56a2ec72fe7ed218c', '2015-09-13 11:47:51', 0, NULL, 1, 'New User', '2015-09-13 11:47:51', '2015-09-20 08:47:58', 1, 1, 0, 'en_US'),
(94, 'jwick0418000', 'Jordan', '$2y$10$EgvgV1sEtCPH3zhhn4X57eVVHcxSxV01exOZWEr0hKHC0zvbdeUse', 'jwick041800@outlook.com', '3d6acddb568102386786f2627d001e28', '2015-10-29 21:07:28', 0, NULL, 1, 'New User', '2015-10-29 21:07:28', '2015-10-29 21:08:43', 1, 1, 0, 'en_US');

-- --------------------------------------------------------

--
-- Table structure for table `kh_weeks`
--

CREATE TABLE IF NOT EXISTS `kh_weeks` (
  `id` int(11) NOT NULL AUTO_INCREMENT,
  `week_number` int(11) NOT NULL,
  `start_date` date NOT NULL,
  `bye_teams` varchar(50) NOT NULL,
  PRIMARY KEY (`id`)
) ENGINE=InnoDB  DEFAULT CHARSET=utf8 AUTO_INCREMENT=18 ;

--
-- Dumping data for table `kh_weeks`
--

INSERT INTO `kh_weeks` (`id`, `week_number`, `start_date`, `bye_teams`) VALUES
(1, 1, '2016-09-08', ''),
(2, 2, '2016-09-15', ''),
(3, 3, '2016-09-22', ''),
(4, 4, '2016-09-29', 'GB,PHI,'),
(5, 5, '2016-10-06', 'KC,JAC,NO,SEA,'),
(6, 6, '2016-10-13', 'MIN,TB,'),
(7, 7, '2016-10-20', 'DAL,CAR,'),
(8, 8, '2016-10-27', 'PIT,NYG,SF,LA,BAL,MIA,'),
(9, 9, '2016-11-03', 'NE,ARI,CHI,CIN,WAS,HOU,'),
(10, 10, '2016-11-10', 'OAK,DET,BUF,IND,'),
(11, 11, '2016-11-17', 'ATL,NYJ,SD,DEN,'),
(12, 12, '2016-11-24', ''),
(13, 13, '2016-12-01', 'TEN,CLE,'),
(14, 14, '2016-12-08', ''),
(15, 15, '2016-12-15', ''),
(16, 16, '2016-12-22', ''),
(17, 17, '2017-01-01', '');

-- --------------------------------------------------------

--
-- Table structure for table `kh_weeks_history`
--

CREATE TABLE IF NOT EXISTS `kh_weeks_history` (
  `id` int(11) NOT NULL AUTO_INCREMENT,
  `week_number` int(11) NOT NULL,
  `start_date` date NOT NULL,
  `bye_teams` varchar(50) NOT NULL,
  `year` varchar(10) NOT NULL,
  PRIMARY KEY (`id`)
) ENGINE=InnoDB  DEFAULT CHARSET=utf8 AUTO_INCREMENT=18 ;

--
-- Dumping data for table `kh_weeks_history`
--

INSERT INTO `kh_weeks_history` (`id`, `week_number`, `start_date`, `bye_teams`, `year`) VALUES
(1, 1, '2015-09-10', '', '2015-2016'),
(2, 2, '2015-09-17', '', '2015-2016'),
(3, 3, '2015-09-24', '', '2015-2016'),
(4, 4, '2015-10-01', 'NE,TEN,', '2015-2016'),
(5, 5, '2015-10-08', 'CAR,MIA,MIN,NYJ,', '2015-2016'),
(6, 6, '2015-10-15', 'TB,STL,OAK,DAL,', '2015-2016'),
(7, 7, '2015-10-22', 'CHI,CIN,DEN,GB,', '2015-2016'),
(8, 8, '2015-10-29', 'WAS,PHI,JAC,BUF,', '2015-2016'),
(9, 9, '2015-11-05', 'SEA,KC,HOU,DET,BAL,ARI,', '2015-2016'),
(10, 10, '2015-11-12', 'SF,SD,IND,ATL,', '2015-2016'),
(11, 11, '2015-11-19', 'CLE,NO,NYG,PIT,', '2015-2016'),
(12, 12, '2015-11-26', '', '2015-2016'),
(13, 13, '2015-12-03', '', '2015-2016'),
(14, 14, '2015-12-10', '', '2015-2016'),
(15, 15, '2015-12-17', '', '2015-2016'),
(16, 16, '2015-12-24', '', '2015-2016'),
(17, 17, '2016-01-03', '', '2015-2016');

/*!40101 SET CHARACTER_SET_CLIENT=@OLD_CHARACTER_SET_CLIENT */;
/*!40101 SET CHARACTER_SET_RESULTS=@OLD_CHARACTER_SET_RESULTS */;
/*!40101 SET COLLATION_CONNECTION=@OLD_COLLATION_CONNECTION */;
