-- MySQL dump 10.13  Distrib 5.5.48-37.8, for Linux (x86_64)
--
-- Host: localhost    Database: webkingo_kingofthehill
-- ------------------------------------------------------
-- Server version	5.5.48-37.8

/*!40101 SET @OLD_CHARACTER_SET_CLIENT=@@CHARACTER_SET_CLIENT */;
/*!40101 SET @OLD_CHARACTER_SET_RESULTS=@@CHARACTER_SET_RESULTS */;
/*!40101 SET @OLD_COLLATION_CONNECTION=@@COLLATION_CONNECTION */;
/*!40101 SET NAMES utf8 */;
/*!40103 SET @OLD_TIME_ZONE=@@TIME_ZONE */;
/*!40103 SET TIME_ZONE='+00:00' */;
/*!40014 SET @OLD_UNIQUE_CHECKS=@@UNIQUE_CHECKS, UNIQUE_CHECKS=0 */;
/*!40014 SET @OLD_FOREIGN_KEY_CHECKS=@@FOREIGN_KEY_CHECKS, FOREIGN_KEY_CHECKS=0 */;
/*!40101 SET @OLD_SQL_MODE=@@SQL_MODE, SQL_MODE='NO_AUTO_VALUE_ON_ZERO' */;
/*!40111 SET @OLD_SQL_NOTES=@@SQL_NOTES, SQL_NOTES=0 */;

--
-- Table structure for table `kh_authorize_group`
--

DROP TABLE IF EXISTS `kh_authorize_group`;
/*!40101 SET @saved_cs_client     = @@character_set_client */;
/*!40101 SET character_set_client = utf8 */;
CREATE TABLE `kh_authorize_group` (
  `id` int(10) unsigned NOT NULL AUTO_INCREMENT,
  `group_id` int(11) NOT NULL,
  `hook` varchar(200) NOT NULL COMMENT 'A code that references a specific action or URI that the group has access to.',
  `conditions` text NOT NULL COMMENT 'The conditions under which members of this group have access to this hook.',
  PRIMARY KEY (`id`)
) ENGINE=InnoDB AUTO_INCREMENT=23 DEFAULT CHARSET=utf8;
/*!40101 SET character_set_client = @saved_cs_client */;

--
-- Dumping data for table `kh_authorize_group`
--

LOCK TABLES `kh_authorize_group` WRITE;
/*!40000 ALTER TABLE `kh_authorize_group` DISABLE KEYS */;
INSERT INTO `kh_authorize_group` VALUES (1,1,'uri_dashboard','always()'),(2,2,'uri_dashboard','always()'),(3,2,'uri_users','always()'),(4,1,'uri_account_settings','always()'),(5,1,'update_account_setting','equals(self.id, user.id)&&in(property,[\"email\",\"locale\",\"password\"])'),(6,2,'update_account_setting','in(property,[\"email\",\"display_name\",\"title\",\"locale\",\"enabled\"])'),(7,2,'view_account_setting','in(property,[\"user_name\",\"email\",\"display_name\",\"title\",\"locale\",\"enabled\",\"groups\",\"primary_group_id\"])'),(8,2,'delete_account','!in_group(user.id,2)'),(9,2,'create_account','always()'),(10,1,'uri_players','always()'),(11,1,'view_players','in_group(self.id,2)'),(12,1,'create_player','!in_group(self.id,2)&&in(property,[\"player_name\"])'),(13,1,'create_account','always()'),(14,1,'update_player_setting','equals(self.id, user.primary_user_id)&&in(property,[\"player_name\"])'),(15,2,'update_player_setting','in(property,[\"player_name\"])'),(16,1,'uri_game','always()'),(17,1,'update_player_picked_setting','in(property,[\"team_id\"])'),(18,2,'update_player_picked_setting','in(property,[\"team_id\"])'),(19,2,'uri_rankings','always()'),(20,2,'update_game_schedule_setting','in(property,[\"winner\"])'),(22,2,'uri_stats','always()');
/*!40000 ALTER TABLE `kh_authorize_group` ENABLE KEYS */;
UNLOCK TABLES;

--
-- Table structure for table `kh_authorize_user`
--

DROP TABLE IF EXISTS `kh_authorize_user`;
/*!40101 SET @saved_cs_client     = @@character_set_client */;
/*!40101 SET character_set_client = utf8 */;
CREATE TABLE `kh_authorize_user` (
  `id` int(10) unsigned NOT NULL AUTO_INCREMENT,
  `user_id` int(11) NOT NULL,
  `hook` varchar(200) NOT NULL COMMENT 'A code that references a specific action or URI that the user has access to.',
  `conditions` text NOT NULL COMMENT 'The conditions under which the user has access to this action.',
  PRIMARY KEY (`id`)
) ENGINE=InnoDB DEFAULT CHARSET=utf8;
/*!40101 SET character_set_client = @saved_cs_client */;

--
-- Dumping data for table `kh_authorize_user`
--

LOCK TABLES `kh_authorize_user` WRITE;
/*!40000 ALTER TABLE `kh_authorize_user` DISABLE KEYS */;
/*!40000 ALTER TABLE `kh_authorize_user` ENABLE KEYS */;
UNLOCK TABLES;

--
-- Table structure for table `kh_configuration`
--

DROP TABLE IF EXISTS `kh_configuration`;
/*!40101 SET @saved_cs_client     = @@character_set_client */;
/*!40101 SET character_set_client = utf8 */;
CREATE TABLE `kh_configuration` (
  `id` int(10) unsigned NOT NULL AUTO_INCREMENT,
  `plugin` varchar(50) NOT NULL COMMENT 'The name of the plugin that manages this setting (set to ''userfrosting'' for core settings)',
  `name` varchar(150) NOT NULL COMMENT 'The name of the setting.',
  `value` longtext NOT NULL COMMENT 'The current value of the setting.',
  `description` text NOT NULL COMMENT 'A brief description of this setting.',
  PRIMARY KEY (`id`)
) ENGINE=InnoDB AUTO_INCREMENT=18 DEFAULT CHARSET=utf8 COMMENT='A configuration table, mapping global configuration options to their values.';
/*!40101 SET character_set_client = @saved_cs_client */;

--
-- Dumping data for table `kh_configuration`
--

LOCK TABLES `kh_configuration` WRITE;
/*!40000 ALTER TABLE `kh_configuration` DISABLE KEYS */;
INSERT INTO `kh_configuration` VALUES (1,'userfrosting','site_title','King of the Hill','The title of the site.  By default, displayed in the title tag, as well as the upper left corner of every user page.'),(2,'userfrosting','admin_email','kmredo@gmail.com','The administrative email for the site.  Automated emails, such as activation emails and password reset links, will come from this address.'),(3,'userfrosting','email_login','1','Specify whether users can login via email address or username instead of just username.'),(4,'userfrosting','can_register','1','Specify whether public registration of new accounts is enabled.  Enable if you have a service that users can sign up for, disable if you only want accounts to be created by you or an admin.'),(5,'userfrosting','enable_captcha','1','Specify whether new users must complete a captcha code when registering for an account.'),(6,'userfrosting','require_activation','1','Specify whether email activation is required for newly registered accounts.  Accounts created on the admin side never need to be activated.'),(7,'userfrosting','resend_activation_threshold','0','The time, in seconds, that a user must wait before requesting that the activation email be resent.'),(8,'userfrosting','reset_password_timeout','10800','The time, in seconds, before a user\'s password reminder email expires.'),(9,'userfrosting','default_locale','en_US','The default language for newly registered users.'),(10,'userfrosting','minify_css','0','Specify whether to use concatenated, minified CSS (production) or raw CSS includes (dev).'),(11,'userfrosting','minify_js','0','Specify whether to use concatenated, minified JS (production) or raw JS includes (dev).'),(12,'userfrosting','version','0.3.0','The current version of UserFrosting.'),(13,'userfrosting','author','Keith Redo','The author of the site.  Will be used in the site\'s author meta tag.'),(14,'userfrosting','show_terms_on_register','1','Specify whether or not to show terms and conditions when registering.'),(15,'userfrosting','site_location','New York','The nation or state in which legal jurisdiction for this site falls.'),(16,'userfrosting','install_status','complete',''),(17,'userfrosting','root_account_config_token','','');
/*!40000 ALTER TABLE `kh_configuration` ENABLE KEYS */;
UNLOCK TABLES;

--
-- Table structure for table `kh_game_schedule`
--

DROP TABLE IF EXISTS `kh_game_schedule`;
/*!40101 SET @saved_cs_client     = @@character_set_client */;
/*!40101 SET character_set_client = utf8 */;
CREATE TABLE `kh_game_schedule` (
  `id` int(11) NOT NULL AUTO_INCREMENT,
  `game_id` int(11) NOT NULL,
  `game_week` int(11) NOT NULL,
  `game_date` datetime NOT NULL,
  `away_team` varchar(75) CHARACTER SET utf8 NOT NULL,
  `home_team` varchar(75) CHARACTER SET utf8 NOT NULL,
  `game_time_et` varchar(50) NOT NULL,
  `tv_station` varchar(25) CHARACTER SET utf8 NOT NULL,
  `winner` varchar(75) CHARACTER SET utf8 NOT NULL,
  `winner_team_id` int(11) NOT NULL,
  `loser_team_id` int(11) NOT NULL DEFAULT '0',
  PRIMARY KEY (`id`)
) ENGINE=InnoDB AUTO_INCREMENT=257 DEFAULT CHARSET=latin1;
/*!40101 SET character_set_client = @saved_cs_client */;

--
-- Dumping data for table `kh_game_schedule`
--

LOCK TABLES `kh_game_schedule` WRITE;
/*!40000 ALTER TABLE `kh_game_schedule` DISABLE KEYS */;
INSERT INTO `kh_game_schedule` VALUES (1,1,1,'2015-09-10 00:00:00','PIT','NE','8:30 PM','NBC','NE',21,25),(2,2,1,'2015-09-13 00:00:00','GB','CHI','1:00 PM','FOX','GB',12,6),(3,3,1,'2015-09-13 00:00:00','KC','HOU','1:00 PM','CBS','KC',16,13),(4,4,1,'2015-09-13 00:00:00','CLE','NYJ','1:00 PM','CBS','NYJ',20,8),(5,5,1,'2015-09-13 00:00:00','IND','BUF','1:00 PM','CBS','BUF',4,14),(6,6,1,'2015-09-13 00:00:00','MIA','WAS','1:00 PM','CBS','MIA',17,32),(7,7,1,'2015-09-13 00:00:00','CAR','JAC','1:00 PM','FOX','CAR',5,15),(8,8,1,'2015-09-13 00:00:00','SEA','STL','1:00 PM','FOX','STL',29,28),(9,9,1,'2015-09-13 00:00:00','NO','ARI','4:05 PM','FOX','ARI',1,22),(10,10,1,'2015-09-13 00:00:00','DET','SD','4:05 PM','FOX','SD',26,11),(11,11,1,'2015-09-13 00:00:00','TEN','TB','4:25 PM','CBS','TEN',31,30),(12,12,1,'2015-09-13 00:00:00','CIN','OAK','4:25 PM','CBS','CIN',7,23),(13,13,1,'2015-09-13 00:00:00','BAL','DEN','4:25 PM','CBS','DEN',10,3),(14,14,1,'2015-09-13 00:00:00','NYG','DAL','8:30 PM','NBC','DAL',9,19),(15,15,1,'2015-09-14 00:00:00','PHI','ATL','7:10 PM','ESPN','ATL',2,24),(16,16,1,'2015-09-14 00:00:00','MIN','SF','10:20 PM','ESPN','SF',27,18),(17,17,2,'2015-09-17 00:00:00','DEN','KC','8:25 PM','CBS','DEN',10,16),(18,18,2,'2015-09-20 00:00:00','HOU','CAR','1:00 PM','CBS','CAR',5,13),(19,19,2,'2015-09-20 00:00:00','SF','PIT','1:00 PM','FOX','PIT',25,27),(20,20,2,'2015-09-20 00:00:00','TB','NO','1:00 PM','FOX','TB',30,22),(21,21,2,'2015-09-20 00:00:00','DET','MIN','1:00 PM','FOX','MIN',18,11),(22,22,2,'2015-09-20 00:00:00','ARI','CHI','1:00 PM','FOX','ARI',1,6),(23,23,2,'2015-09-20 00:00:00','NE','BUF','1:00 PM','CBS','NE',21,4),(24,24,2,'2015-09-20 00:00:00','SD','CIN','1:00 PM','CBS','CIN',7,26),(25,25,2,'2015-09-20 00:00:00','TEN','CLE','1:00 PM','CBS','CLE',8,31),(26,26,2,'2015-09-20 00:00:00','ATL','NYG','1:00 PM','FOX','ATL',2,19),(27,27,2,'2015-09-20 00:00:00','STL','WAS','1:00 PM','FOX','WAS',32,29),(28,28,2,'2015-09-20 00:00:00','MIA','JAC','4:05 PM','CBS','JAC',15,17),(29,29,2,'2015-09-20 00:00:00','BAL','OAK','4:05 PM','CBS','OAK',23,3),(30,30,2,'2015-09-20 00:00:00','DAL','PHI','4:25 PM','FOX','DAL',9,24),(31,31,2,'2015-09-20 00:00:00','SEA','GB','8:30 PM','NBC','GB',12,28),(32,32,2,'2015-09-21 00:00:00','NYJ','IND','8:30 PM','ESPN','NYJ',20,14),(33,33,3,'2015-09-24 00:00:00','WAS','NYG','8:25 PM','CBS','NYG',19,32),(34,34,3,'2015-09-27 00:00:00','ATL','DAL','1:00 PM','FOX','ATL',2,9),(35,35,3,'2015-09-27 00:00:00','IND','TEN','1:00 PM','CBS','IND',14,31),(36,36,3,'2015-09-27 00:00:00','OAK','CLE','1:00 PM','CBS','OAK',23,8),(37,37,3,'2015-09-27 00:00:00','CIN','BAL','1:00 PM','CBS','CIN',7,3),(38,38,3,'2015-09-27 00:00:00','JAC','NE','1:00 PM','CBS','NE',21,15),(39,39,3,'2015-09-27 00:00:00','NO','CAR','1:00 PM','FOX','CAR',5,22),(40,40,3,'2015-09-27 00:00:00','PHI','NYJ','1:00 PM','FOX','PHI',24,20),(41,41,3,'2015-09-27 00:00:00','TB','HOU','1:00 PM','FOX','HOU',13,30),(42,42,3,'2015-09-27 00:00:00','SD','MIN','1:00 PM','CBS','MIN',18,26),(43,43,3,'2015-09-27 00:00:00','PIT','STL','1:00 PM','CBS','PIT',25,29),(44,44,3,'2015-09-27 00:00:00','SF','ARI','4:05 PM','FOX','ARI',1,27),(45,45,3,'2015-09-27 00:00:00','BUF','MIA','4:25 PM','CBS','BUF',4,17),(46,46,3,'2015-09-27 00:00:00','CHI','SEA','4:25 PM','CBS','SEA',28,6),(47,47,3,'2015-09-27 00:00:00','DEN','DET','8:30 PM','NBC','DEN',10,11),(48,48,3,'2015-09-28 00:00:00','KC','GB','8:30 PM','ESPN','GB',12,16),(49,49,4,'2015-10-01 00:00:00','BAL','PIT','8:25 PM','CBS','BAL',3,25),(50,50,4,'2015-10-04 00:00:00','NYJ','MIA','9:30 AM','CBS','NYJ',20,17),(51,51,4,'2015-10-04 00:00:00','JAC','IND','1:00 PM','CBS','IND',14,15),(52,52,4,'2015-10-04 00:00:00','NYG','BUF','1:00 PM','FOX','NYG',19,4),(53,53,4,'2015-10-04 00:00:00','CAR','TB','1:00 PM','FOX','CAR',5,30),(54,54,4,'2015-10-04 00:00:00','PHI','WAS','1:00 PM','FOX','WAS',32,24),(55,55,4,'2015-10-04 00:00:00','OAK','CHI','1:00 PM','CBS','CHI',6,23),(56,56,4,'2015-10-04 00:00:00','HOU','ATL','1:00 PM','CBS','ATL',2,13),(57,57,4,'2015-10-04 00:00:00','KC','CIN','1:00 PM','CBS','CIN',7,16),(58,58,4,'2015-10-04 00:00:00','CLE','SD','4:05 PM','CBS','SD',26,8),(59,59,4,'2015-10-04 00:00:00','GB','SF','4:25 PM','FOX','GB',12,27),(60,60,4,'2015-10-04 00:00:00','STL','ARI','4:25 PM','FOX','STL',29,1),(61,61,4,'2015-10-04 00:00:00','MIN','DEN','4:25 PM','FOX','DEN',10,18),(62,62,4,'2015-10-04 00:00:00','DAL','NO','8:30 PM','NBC','NO',22,9),(63,63,4,'2015-10-05 00:00:00','DET','SEA','8:30 PM','ESPN','SEA',28,11),(64,64,5,'2015-10-08 00:00:00','IND','HOU','8:25 PM','CBS','IND',14,13),(65,65,5,'2015-10-11 00:00:00','CHI','KC','1:00 PM','FOX','CHI',6,16),(66,66,5,'2015-10-11 00:00:00','SEA','CIN','1:00 PM','FOX','CIN',7,28),(67,67,5,'2015-10-11 00:00:00','WAS','ATL','1:00 PM','FOX','ATL',2,32),(68,68,5,'2015-10-11 00:00:00','JAC','TB','1:00 PM','CBS','TB',30,15),(69,69,5,'2015-10-11 00:00:00','NO','PHI','1:00 PM','FOX','PHI',24,22),(70,70,5,'2015-10-11 00:00:00','CLE','BAL','1:00 PM','CBS','CLE',8,3),(71,71,5,'2015-10-11 00:00:00','STL','GB','1:00 PM','CBS','GB',12,29),(72,72,5,'2015-10-11 00:00:00','BUF','TEN','1:00 PM','CBS','BUF',4,31),(73,73,5,'2015-10-11 00:00:00','ARI','DET','4:05 PM','FOX','ARI',1,11),(74,74,5,'2015-10-11 00:00:00','NE','DAL','4:25 PM','CBS','NE',21,9),(75,75,5,'2015-10-11 00:00:00','DEN','OAK','4:25 PM','CBS','DEN',10,23),(76,76,5,'2015-10-11 00:00:00','SF','NYG','8:30 PM','NBC','NYG',19,27),(77,77,5,'2015-10-12 00:00:00','PIT','SD','8:30 PM','ESPN','PIT',25,26),(78,78,6,'2015-10-15 00:00:00','ATL','NO','8:25 PM','CBS','NO',22,2),(79,79,6,'2015-10-18 00:00:00','WAS','NYJ','1:00 PM','FOX','NYJ',20,32),(80,80,6,'2015-10-18 00:00:00','ARI','PIT','1:00 PM','FOX','PIT',25,1),(81,81,6,'2015-10-18 00:00:00','KC','MIN','1:00 PM','CBS','MIN',18,16),(82,82,6,'2015-10-18 00:00:00','CIN','BUF','1:00 PM','CBS','CIN',7,4),(83,83,6,'2015-10-18 00:00:00','CHI','DET','1:00 PM','FOX','DET',11,6),(84,84,6,'2015-10-18 00:00:00','DEN','CLE','1:00 PM','CBS','DEN',10,8),(85,85,6,'2015-10-18 00:00:00','HOU','JAC','1:00 PM','CBS','HOU',13,15),(86,86,6,'2015-10-18 00:00:00','MIA','TEN','1:00 PM','CBS','MIA',17,31),(87,87,6,'2015-10-18 00:00:00','CAR','SEA','4:05 PM','FOX','CAR',5,28),(88,88,6,'2015-10-18 00:00:00','SD','GB','4:25 PM','CBS','GB',12,26),(89,89,6,'2015-10-18 00:00:00','BAL','SF','4:25 PM','CBS','SF',27,3),(90,90,6,'2015-10-18 00:00:00','NE','IND','8:30 PM','NBC','NE',21,14),(91,91,6,'2015-10-19 00:00:00','NYG','PHI','8:30 PM','ESPN','PHI',24,19),(92,92,7,'2015-10-22 00:00:00','SEA','SF','8:25 PM','CBS','SEA',28,27),(93,93,7,'2015-10-25 00:00:00','BUF','JAC','9:30 AM','ESPN','JAC',15,4),(94,94,7,'2015-10-25 00:00:00','TB','WAS','1:00 PM','FOX','WAS',32,30),(95,95,7,'2015-10-25 00:00:00','ATL','TEN','1:00 PM','FOX','ATL',2,31),(96,96,7,'2015-10-25 00:00:00','NO','IND','1:00 PM','FOX','NO',22,14),(97,97,7,'2015-10-25 00:00:00','MIN','DET','1:00 PM','FOX','MIN',18,11),(98,98,7,'2015-10-25 00:00:00','PIT','KC','1:00 PM','CBS','KC',16,25),(99,99,7,'2015-10-25 00:00:00','CLE','STL','1:00 PM','CBS','STL',29,8),(100,100,7,'2015-10-25 00:00:00','HOU','MIA','1:00 PM','CBS','MIA',17,13),(101,101,7,'2015-10-25 00:00:00','NYJ','NE','1:00 PM','CBS','NE',21,20),(102,102,7,'2015-10-25 00:00:00','OAK','SD','4:05 PM','CBS','OAK',23,26),(103,103,7,'2015-10-25 00:00:00','DAL','NYG','4:25 PM','FOX','NYG',19,9),(104,104,7,'2015-10-25 00:00:00','PHI','CAR','8:30 PM','NBC','CAR',5,24),(105,105,7,'2015-10-26 00:00:00','BAL','ARI','8:30 PM','ESPN','ARI',1,3),(106,106,8,'2015-10-29 00:00:00','MIA','NE','8:25 PM','CBS','NE',21,17),(107,107,8,'2015-11-01 00:00:00','DET','KC','9:30 AM','FOX','KC',16,11),(108,108,8,'2015-11-01 00:00:00','TB','ATL','1:00 PM','FOX','TB',30,2),(109,109,8,'2015-11-01 00:00:00','ARI','CLE','1:00 PM','FOX','ARI',1,8),(110,110,8,'2015-11-01 00:00:00','SF','STL','1:00 PM','FOX','STL',29,27),(111,111,8,'2015-11-01 00:00:00','NYG','NO','1:00 PM','FOX','NO',22,19),(112,112,8,'2015-11-01 00:00:00','MIN','CHI','1:00 PM','FOX','MIN',18,6),(113,113,8,'2015-11-01 00:00:00','SD','BAL','1:00 PM','CBS','BAL',3,26),(114,114,8,'2015-11-01 00:00:00','CIN','PIT','1:00 PM','CBS','CIN',7,25),(115,115,8,'2015-11-01 00:00:00','TEN','HOU','1:00 PM','CBS','HOU',13,31),(116,116,8,'2015-11-01 00:00:00','NYJ','OAK','4:05 PM','CBS','OAK',23,20),(117,117,8,'2015-11-01 00:00:00','SEA','DAL','4:25 PM','FOX','SEA',28,9),(118,118,8,'2015-11-01 00:00:00','GB','DEN','8:30 PM','NBC','DEN',10,12),(119,119,8,'2015-11-02 00:00:00','IND','CAR','8:30 PM','ESPN','CAR',5,14),(120,120,9,'2015-11-05 00:00:00','CLE','CIN','8:25 PM','NFL','CIN',7,8),(121,121,9,'2015-11-08 00:00:00','GB','CAR','1:00 PM','FOX','CAR',5,12),(122,122,9,'2015-11-08 00:00:00','WAS','NE','1:00 PM','FOX','NE',21,32),(123,123,9,'2015-11-08 00:00:00','TEN','NO','1:00 PM','CBS','TEN',31,22),(124,124,9,'2015-11-08 00:00:00','MIA','BUF','1:00 PM','CBS','BUF',4,17),(125,125,9,'2015-11-08 00:00:00','STL','MIN','1:00 PM','FOX','MIN',18,29),(126,126,9,'2015-11-08 00:00:00','JAC','NYJ','1:00 PM','CBS','NYJ',20,15),(127,127,9,'2015-11-08 00:00:00','OAK','PIT','1:00 PM','CBS','PIT',25,23),(128,128,9,'2015-11-08 00:00:00','NYG','TB','4:05 PM','FOX','NYG',19,30),(129,129,9,'2015-11-08 00:00:00','ATL','SF','4:05 PM','FOX','SF',27,2),(130,130,9,'2015-11-08 00:00:00','DEN','IND','4:25 PM','CBS','IND',14,10),(131,131,9,'2015-11-08 00:00:00','PHI','DAL','8:30 PM','NBC','PHI',24,9),(132,132,9,'2015-11-09 00:00:00','CHI','SD','8:30 PM','ESPN','CHI',6,26),(133,133,10,'2015-11-12 00:00:00','BUF','NYJ','8:25 PM','NFL','BUF',4,20),(134,134,10,'2015-11-15 00:00:00','DET','GB','1:00 PM','FOX','',0,0),(135,135,10,'2015-11-15 00:00:00','DAL','TB','1:00 PM','FOX','',0,0),(136,136,10,'2015-11-15 00:00:00','CAR','TEN','1:00 PM','FOX','',0,0),(137,137,10,'2015-11-15 00:00:00','CHI','STL','1:00 PM','FOX','',0,0),(138,138,10,'2015-11-15 00:00:00','NO','WAS','1:00 PM','FOX','',0,0),(139,139,10,'2015-11-15 00:00:00','MIA','PHI','1:00 PM','CBS','',0,0),(140,140,10,'2015-11-15 00:00:00','CLE','PIT','1:00 PM','CBS','',0,0),(141,141,10,'2015-11-15 00:00:00','JAC','BAL','1:00 PM','CBS','',0,0),(142,142,10,'2015-11-15 00:00:00','MIN','OAK','4:05 PM','FOX','',0,0),(143,143,10,'2015-11-15 00:00:00','NE','NYG','4:25 PM','CBS','',0,0),(144,144,10,'2015-11-15 00:00:00','KC','DEN','4:25 PM','CBS','',0,0),(145,145,10,'2015-11-15 00:00:00','ARI','SEA','8:30 PM','NBC','',0,0),(146,146,10,'2015-11-16 00:00:00','HOU','CIN','8:30 PM','ESPN','',0,0),(147,147,11,'2015-11-19 00:00:00','TEN','JAC','8:25 PM','NFL','',0,0),(148,148,11,'2015-11-22 00:00:00','OAK','DET','1:00 PM','CBS','',0,0),(149,149,11,'2015-11-22 00:00:00','IND','ATL','1:00 PM','CBS','',0,0),(150,150,11,'2015-11-22 00:00:00','NYJ','HOU','1:00 PM','CBS','',0,0),(151,151,11,'2015-11-22 00:00:00','TB','PHI','1:00 PM','FOX','',0,0),(152,152,11,'2015-11-22 00:00:00','DEN','CHI','1:00 PM','CBS','',0,0),(153,153,11,'2015-11-22 00:00:00','GB','MIN','1:00 PM','FOX','',0,0),(154,154,11,'2015-11-22 00:00:00','STL','BAL','1:00 PM','FOX','',0,0),(155,155,11,'2015-11-22 00:00:00','DAL','MIA','1:00 PM','FOX','',0,0),(156,156,11,'2015-11-22 00:00:00','WAS','CAR','1:00 PM','FOX','',0,0),(157,157,11,'2015-11-22 00:00:00','CIN','ARI','4:05 PM','CBS','',0,0),(158,158,11,'2015-11-22 00:00:00','SF','SEA','4:25 PM','FOX','',0,0),(159,159,11,'2015-11-22 00:00:00','KC','SD','8:30 PM','NBC','',0,0),(160,160,11,'2015-11-23 00:00:00','BUF','NE','8:30 PM','ESPN','',0,0),(161,161,12,'2015-11-26 00:00:00','PHI','DET','12:30 PM','FOX','',0,0),(162,162,12,'2015-11-26 00:00:00','CAR','DAL','4:30 PM','CBS','',0,0),(163,163,12,'2015-11-26 00:00:00','CHI','GB','8:30 PM','NBC','',0,0),(164,164,12,'2015-11-29 00:00:00','OAK','TEN','1:00 PM','CBS','',0,0),(165,165,12,'2015-11-29 00:00:00','BUF','KC','1:00 PM','CBS','',0,0),(166,166,12,'2015-11-29 00:00:00','TB','IND','1:00 PM','FOX','',0,0),(167,167,12,'2015-11-29 00:00:00','NYG','WAS','1:00 PM','FOX','',0,0),(168,168,12,'2015-11-29 00:00:00','NO','HOU','1:00 PM','FOX','',0,0),(169,169,12,'2015-11-29 00:00:00','MIN','ATL','1:00 PM','FOX','',0,0),(170,170,12,'2015-11-29 00:00:00','STL','CIN','1:00 PM','FOX','',0,0),(171,171,12,'2015-11-29 00:00:00','SD','JAC','1:00 PM','CBS','',0,0),(172,172,12,'2015-11-29 00:00:00','MIA','NYJ','1:00 PM','CBS','',0,0),(173,173,12,'2015-11-29 00:00:00','ARI','SF','4:05 PM','FOX','',0,0),(174,174,12,'2015-11-29 00:00:00','PIT','SEA','4:25 PM','CBS','',0,0),(175,175,12,'2015-11-29 00:00:00','NE','DEN','8:30 PM','NBC','',0,0),(176,176,12,'2015-11-30 00:00:00','BAL','CLE','8:30 PM','ESPN','',0,0),(177,177,13,'2015-12-03 00:00:00','GB','DET','8:25 PM','CBS','',0,0),(178,178,13,'2015-12-06 00:00:00','NYJ','NYG','1:00 PM','CBS','',0,0),(179,179,13,'2015-12-06 00:00:00','ARI','STL','1:00 PM','FOX','',0,0),(180,180,13,'2015-12-06 00:00:00','ATL','TB','1:00 PM','FOX','',0,0),(181,181,13,'2015-12-06 00:00:00','CAR','NO','1:00 PM','FOX','',0,0),(182,182,13,'2015-12-06 00:00:00','SEA','MIN','1:00 PM','FOX','',0,0),(183,183,13,'2015-12-06 00:00:00','HOU','BUF','1:00 PM','CBS','',0,0),(184,184,13,'2015-12-06 00:00:00','BAL','MIA','1:00 PM','CBS','',0,0),(185,185,13,'2015-12-06 00:00:00','CIN','CLE','1:00 PM','CBS','',0,0),(186,186,13,'2015-12-06 00:00:00','JAC','TEN','1:00 PM','CBS','',0,0),(187,187,13,'2015-12-06 00:00:00','SF','CHI','1:00 PM','FOX','',0,0),(188,188,13,'2015-12-06 00:00:00','DEN','SD','4:05 PM','CBS','',0,0),(189,189,13,'2015-12-06 00:00:00','KC','OAK','4:05 PM','CBS','',0,0),(190,190,13,'2015-12-06 00:00:00','PHI','NE','4:25 PM','FOX','',0,0),(191,191,13,'2015-12-06 00:00:00','IND','PIT','8:30 PM','NBC','',0,0),(192,192,13,'2015-12-07 00:00:00','DAL','WAS','8:30 PM','ESPN','',0,0),(193,193,14,'2015-12-10 00:00:00','MIN','ARI','8:25 PM','NFL','',0,0),(194,194,14,'2015-12-13 00:00:00','BUF','PHI','1:00 PM','CBS','',0,0),(195,195,14,'2015-12-13 00:00:00','SF','CLE','1:00 PM','FOX','',0,0),(196,196,14,'2015-12-13 00:00:00','DET','STL','1:00 PM','FOX','',0,0),(197,197,14,'2015-12-13 00:00:00','NO','TB','1:00 PM','FOX','',0,0),(198,198,14,'2015-12-13 00:00:00','TEN','NYJ','1:00 PM','CBS','',0,0),(199,199,14,'2015-12-13 00:00:00','PIT','CIN','1:00 PM','CBS','',0,0),(200,200,14,'2015-12-13 00:00:00','NE','HOU','1:00 PM','CBS','',0,0),(201,201,14,'2015-12-13 00:00:00','IND','JAC','1:00 PM','CBS','',0,0),(202,202,14,'2015-12-13 00:00:00','SD','KC','1:00 PM','CBS','',0,0),(203,203,14,'2015-12-13 00:00:00','WAS','CHI','1:00 PM','FOX','',0,0),(204,204,14,'2015-12-13 00:00:00','ATL','CAR','1:00 PM','FOX','',0,0),(205,205,14,'2015-12-13 00:00:00','OAK','DEN','4:05 PM','CBS','',0,0),(206,206,14,'2015-12-13 00:00:00','DAL','GB','4:25 PM','FOX','',0,0),(207,207,14,'2015-12-13 00:00:00','SEA','BAL','8:30 PM','NBC','',0,0),(208,208,14,'2015-12-14 00:00:00','NYG','MIA','8:30 PM','ESPN','',0,0),(209,209,15,'2015-12-17 00:00:00','TB','STL','8:25 PM','NFL','',0,0),(210,210,15,'2015-12-19 00:00:00','NYJ','DAL','8:25 PM','NFL','',0,0),(211,211,15,'2015-12-20 00:00:00','CHI','MIN','1:00 PM','FOX','',0,0),(212,212,15,'2015-12-20 00:00:00','ATL','JAC','1:00 PM','FOX','',0,0),(213,213,15,'2015-12-20 00:00:00','HOU','IND','1:00 PM','CBS','',0,0),(214,214,15,'2015-12-20 00:00:00','ARI','PHI','1:00 PM','FOX','',0,0),(215,215,15,'2015-12-20 00:00:00','CAR','NYG','1:00 PM','FOX','',0,0),(216,216,15,'2015-12-20 00:00:00','TEN','NE','1:00 PM','CBS','',0,0),(217,217,15,'2015-12-20 00:00:00','BUF','WAS','1:00 PM','CBS','',0,0),(218,218,15,'2015-12-20 00:00:00','KC','BAL','1:00 PM','CBS','',0,0),(219,219,15,'2015-12-20 00:00:00','CLE','SEA','4:05 PM','FOX','',0,0),(220,220,15,'2015-12-20 00:00:00','GB','OAK','4:05 PM','FOX','',0,0),(221,221,15,'2015-12-20 00:00:00','DEN','PIT','4:25 PM','CBS','',0,0),(222,222,15,'2015-12-20 00:00:00','MIA','SD','4:25 PM','CBS','',0,0),(223,223,15,'2015-12-20 00:00:00','CIN','SF','8:30 PM','NBC','',0,0),(224,224,15,'2015-12-21 00:00:00','DET','NO','8:30 PM','ESPN','',0,0),(225,225,16,'2015-12-24 00:00:00','SD','OAK','8:25 PM','NFL','',0,0),(226,226,16,'2015-12-26 00:00:00','WAS','PHI','8:25 PM','NFL','',0,0),(227,227,16,'2015-12-27 00:00:00','NE','NYJ','1:00 PM','CBS','',0,0),(228,228,16,'2015-12-27 00:00:00','HOU','TEN','1:00 PM','CBS','',0,0),(229,229,16,'2015-12-27 00:00:00','CLE','KC','1:00 PM','CBS','',0,0),(230,230,16,'2015-12-27 00:00:00','IND','MIA','1:00 PM','CBS','',0,0),(231,231,16,'2015-12-27 00:00:00','JAC','NO','1:00 PM','CBS','',0,0),(232,232,16,'2015-12-27 00:00:00','SF','DET','1:00 PM','FOX','',0,0),(233,233,16,'2015-12-27 00:00:00','DAL','BUF','1:00 PM','FOX','',0,0),(234,234,16,'2015-12-27 00:00:00','CHI','TB','1:00 PM','FOX','',0,0),(235,235,16,'2015-12-27 00:00:00','CAR','ATL','1:00 PM','FOX','',0,0),(236,236,16,'2015-12-27 00:00:00','NYG','MIN','1:00 PM','FOX','',0,0),(237,237,16,'2015-12-27 00:00:00','STL','SEA','4:25 PM','FOX','',0,0),(238,238,16,'2015-12-27 00:00:00','GB','ARI','4:25 PM','FOX','',0,0),(239,239,16,'2015-12-27 00:00:00','PIT','BAL','8:30 PM','NBC','',0,0),(240,240,16,'2015-12-28 00:00:00','CIN','DEN','8:30 PM','ESPN','',0,0),(241,241,17,'2016-01-03 00:00:00','NYJ','BUF','1:00 PM','CBS','',0,0),(242,242,17,'2016-01-03 00:00:00','NE','MIA','1:00 PM','CBS','',0,0),(243,243,17,'2016-01-03 00:00:00','TB','CAR','1:00 PM','FOX','',0,0),(244,244,17,'2016-01-03 00:00:00','NO','ATL','1:00 PM','FOX','',0,0),(245,245,17,'2016-01-03 00:00:00','BAL','CIN','1:00 PM','CBS','',0,0),(246,246,17,'2016-01-03 00:00:00','PIT','CLE','1:00 PM','CBS','',0,0),(247,247,17,'2016-01-03 00:00:00','JAC','HOU','1:00 PM','CBS','',0,0),(248,248,17,'2016-01-03 00:00:00','TEN','IND','1:00 PM','CBS','',0,0),(249,249,17,'2016-01-03 00:00:00','OAK','KC','1:00 PM','CBS','',0,0),(250,250,17,'2016-01-03 00:00:00','WAS','DAL','1:00 PM','FOX','',0,0),(251,251,17,'2016-01-03 00:00:00','PHI','NYG','1:00 PM','FOX','',0,0),(252,252,17,'2016-01-03 00:00:00','DET','CHI','1:00 PM','FOX','',0,0),(253,253,17,'2016-01-03 00:00:00','MIN','GB','1:00 PM','FOX','',0,0),(254,254,17,'2016-01-03 00:00:00','SD','DEN','4:25 PM','CBS','',0,0),(255,255,17,'2016-01-03 00:00:00','SEA','ARI','4:25 PM','FOX','',0,0),(256,256,17,'2016-01-03 00:00:00','STL','SF','4:25 PM','FOX','',0,0);
/*!40000 ALTER TABLE `kh_game_schedule` ENABLE KEYS */;
UNLOCK TABLES;

--
-- Table structure for table `kh_group`
--

DROP TABLE IF EXISTS `kh_group`;
/*!40101 SET @saved_cs_client     = @@character_set_client */;
/*!40101 SET character_set_client = utf8 */;
CREATE TABLE `kh_group` (
  `id` int(11) NOT NULL AUTO_INCREMENT,
  `name` varchar(150) NOT NULL,
  `is_default` tinyint(1) NOT NULL DEFAULT '0' COMMENT 'Specifies whether this permission is a default setting for new accounts.',
  `can_delete` tinyint(1) NOT NULL DEFAULT '0' COMMENT 'Specifies whether this permission can be deleted from the control panel.',
  `theme` varchar(100) NOT NULL DEFAULT 'default' COMMENT 'The theme assigned to primary users in this group.',
  `landing_page` varchar(200) NOT NULL DEFAULT 'account' COMMENT 'The page to take primary members to when they first log in.',
  `new_user_title` varchar(200) NOT NULL DEFAULT 'New User' COMMENT 'The default title to assign to new primary users.',
  `icon` varchar(100) NOT NULL DEFAULT 'fa fa-user' COMMENT 'The icon representing primary users in this group.',
  PRIMARY KEY (`id`)
) ENGINE=InnoDB AUTO_INCREMENT=3 DEFAULT CHARSET=utf8;
/*!40101 SET character_set_client = @saved_cs_client */;

--
-- Dumping data for table `kh_group`
--

LOCK TABLES `kh_group` WRITE;
/*!40000 ALTER TABLE `kh_group` DISABLE KEYS */;
INSERT INTO `kh_group` VALUES (1,'User',2,0,'default','players','New User','fa fa-user'),(2,'Administrator',0,0,'default','users','Brood Spawn','fa fa-flag');
/*!40000 ALTER TABLE `kh_group` ENABLE KEYS */;
UNLOCK TABLES;

--
-- Table structure for table `kh_group_user`
--

DROP TABLE IF EXISTS `kh_group_user`;
/*!40101 SET @saved_cs_client     = @@character_set_client */;
/*!40101 SET character_set_client = utf8 */;
CREATE TABLE `kh_group_user` (
  `id` int(10) unsigned NOT NULL AUTO_INCREMENT,
  `user_id` int(10) unsigned NOT NULL,
  `group_id` int(10) unsigned NOT NULL,
  PRIMARY KEY (`id`)
) ENGINE=InnoDB AUTO_INCREMENT=101 DEFAULT CHARSET=utf8 COMMENT='Maps users to their group(s)';
/*!40101 SET character_set_client = @saved_cs_client */;

--
-- Dumping data for table `kh_group_user`
--

LOCK TABLES `kh_group_user` WRITE;
/*!40000 ALTER TABLE `kh_group_user` DISABLE KEYS */;
INSERT INTO `kh_group_user` VALUES (2,1,2),(3,2,1),(5,1,1),(10,5,1),(17,11,1),(19,13,1),(20,14,1),(21,15,1),(22,16,1),(23,17,1),(24,18,1),(25,19,1),(26,20,1),(27,21,1),(28,22,1),(29,23,1),(30,24,1),(31,25,1),(32,26,1),(33,27,1),(34,28,1),(35,29,1),(36,30,1),(37,31,1),(38,32,1),(39,33,1),(40,34,1),(41,35,1),(42,36,1),(43,37,1),(44,38,1),(45,39,1),(46,40,1),(47,41,1),(48,42,1),(49,43,1),(50,44,1),(51,45,1),(52,46,1),(53,47,1),(54,48,1),(55,49,1),(56,50,1),(57,51,1),(58,52,1),(59,53,1),(60,54,1),(61,55,1),(62,56,1),(63,57,1),(64,58,1),(65,59,1),(66,60,1),(67,61,1),(68,62,1),(69,63,1),(71,65,1),(72,66,1),(73,67,1),(74,68,1),(75,69,1),(76,70,1),(77,71,1),(78,72,1),(79,73,1),(80,74,1),(81,75,1),(82,76,1),(83,77,1),(84,78,1),(85,79,1),(86,80,1),(87,81,1),(88,82,1),(89,83,1),(90,84,1),(91,85,1),(92,86,1),(93,87,1),(95,89,1),(96,90,1),(97,91,1),(98,92,1),(99,93,1),(100,94,1);
/*!40000 ALTER TABLE `kh_group_user` ENABLE KEYS */;
UNLOCK TABLES;

--
-- Table structure for table `kh_payment_history`
--

DROP TABLE IF EXISTS `kh_payment_history`;
/*!40101 SET @saved_cs_client     = @@character_set_client */;
/*!40101 SET character_set_client = utf8 */;
CREATE TABLE `kh_payment_history` (
  `id` int(11) NOT NULL AUTO_INCREMENT,
  `user_id` int(11) NOT NULL,
  `payment_id` int(11) NOT NULL,
  `amount_paid` int(11) NOT NULL,
  `payment_date` datetime NOT NULL,
  `payment_method` enum('none','cash','check','card') COLLATE utf8_unicode_ci NOT NULL,
  `check_number` bigint(50) NOT NULL,
  PRIMARY KEY (`id`)
) ENGINE=MyISAM AUTO_INCREMENT=100 DEFAULT CHARSET=utf8 COLLATE=utf8_unicode_ci;
/*!40101 SET character_set_client = @saved_cs_client */;

--
-- Dumping data for table `kh_payment_history`
--

LOCK TABLES `kh_payment_history` WRITE;
/*!40000 ALTER TABLE `kh_payment_history` DISABLE KEYS */;
INSERT INTO `kh_payment_history` VALUES (15,13,10,30,'2015-09-09 15:04:00','cash',0),(16,14,11,60,'2015-09-09 15:12:32','cash',0),(17,59,56,30,'2015-09-09 22:53:27','none',0),(18,58,55,30,'2015-09-09 22:53:52','none',0),(19,57,54,60,'2015-09-09 22:54:09','none',0),(20,56,53,30,'2015-09-09 22:54:23','none',0),(21,55,52,30,'2015-09-09 22:54:36','none',0),(22,54,51,30,'2015-09-09 22:55:08','none',0),(23,53,50,30,'2015-09-09 22:55:19','none',0),(24,52,49,30,'2015-09-09 22:55:31','none',0),(25,51,48,30,'2015-09-09 22:55:48','none',0),(26,50,47,30,'2015-09-09 22:56:20','none',0),(27,49,46,30,'2015-09-09 22:56:44','none',0),(28,48,45,90,'2015-09-09 22:56:57','none',0),(29,47,44,30,'2015-09-09 22:57:13','none',0),(30,46,43,90,'2015-09-09 22:57:30','none',0),(31,45,42,30,'2015-09-09 22:57:41','none',0),(32,44,41,60,'2015-09-09 22:57:51','none',0),(33,43,40,30,'2015-09-09 22:58:02','none',0),(34,42,39,60,'2015-09-09 22:58:12','none',0),(35,41,38,30,'2015-09-09 22:58:22','none',0),(36,40,37,30,'2015-09-09 22:58:32','none',0),(37,39,36,30,'2015-09-09 22:58:47','none',0),(38,38,35,30,'2015-09-09 22:58:56','none',0),(39,37,34,60,'2015-09-09 22:59:07','none',0),(40,36,33,30,'2015-09-09 22:59:16','none',0),(41,35,32,60,'2015-09-09 22:59:32','none',0),(42,34,31,30,'2015-09-09 22:59:44','none',0),(43,33,30,30,'2015-09-09 22:59:54','none',0),(44,32,29,30,'2015-09-09 23:00:04','none',0),(45,31,28,30,'2015-09-09 23:00:15','none',0),(46,30,27,30,'2015-09-09 23:00:26','none',0),(47,29,26,30,'2015-09-09 23:00:42','none',0),(48,28,25,30,'2015-09-09 23:00:50','none',0),(49,27,24,150,'2015-09-09 23:01:03','none',0),(50,26,23,60,'2015-09-09 23:01:12','none',0),(51,25,22,60,'2015-09-09 23:01:22','none',0),(52,24,21,60,'2015-09-09 23:01:33','none',0),(53,23,20,60,'2015-09-09 23:01:48','none',0),(54,22,19,30,'2015-09-09 23:01:57','none',0),(55,21,18,30,'2015-09-09 23:02:07','none',0),(56,20,17,30,'2015-09-09 23:02:18','none',0),(57,19,16,30,'2015-09-09 23:02:40','none',0),(58,18,15,30,'2015-09-09 23:02:48','none',0),(59,17,14,30,'2015-09-09 23:02:57','none',0),(60,16,13,30,'2015-09-09 23:03:08','none',0),(61,15,12,30,'2015-09-09 23:03:21','none',0),(62,13,10,30,'2015-09-09 23:04:07','none',0),(63,8,7,30,'2015-09-09 23:04:25','none',0),(64,5,6,30,'2015-09-09 23:04:39','none',0),(65,61,58,30,'2015-09-10 12:01:33','none',0),(66,62,59,60,'2015-09-10 12:20:50','none',0),(67,64,61,30,'2015-09-10 12:24:34','none',0),(68,63,60,30,'2015-09-10 12:24:44','none',0),(69,65,62,30,'2015-09-10 12:26:22','none',0),(70,66,63,30,'2015-09-10 12:38:56','none',0),(71,67,64,60,'2015-09-10 12:41:25','none',0),(72,69,66,30,'2015-09-10 12:53:03','none',0),(73,68,65,30,'2015-09-10 12:53:14','none',0),(74,71,68,30,'2015-09-10 13:14:46','none',0),(75,70,67,30,'2015-09-10 13:14:55','none',0),(76,74,71,90,'2015-09-10 14:28:42','none',0),(77,82,79,60,'2015-09-10 14:28:52','none',0),(78,80,77,60,'2015-09-10 14:29:03','none',0),(79,79,76,60,'2015-09-10 14:29:13','none',0),(80,78,75,90,'2015-09-10 14:29:27','none',0),(81,77,74,60,'2015-09-10 14:29:37','none',0),(82,76,73,60,'2015-09-10 14:29:49','none',0),(83,75,72,90,'2015-09-10 14:29:59','none',0),(84,72,69,30,'2015-09-10 14:30:15','none',0),(85,73,70,90,'2015-09-10 14:30:25','none',0),(86,61,58,30,'2015-09-10 14:30:45','none',0),(87,84,82,30,'2015-09-10 18:40:37','none',0),(88,60,57,30,'2015-09-10 18:40:59','none',0),(89,85,83,30,'2015-09-11 11:50:39','none',0),(90,81,78,150,'2015-09-11 11:50:51','none',0),(91,56,53,30,'2015-09-11 12:43:02','none',0),(92,86,84,60,'2015-09-11 14:43:26','none',0),(93,87,85,60,'2015-09-11 14:58:37','none',0),(94,89,87,30,'2015-09-11 15:41:45','none',0),(95,90,88,30,'2015-09-11 20:30:34','none',0),(96,91,89,30,'2015-09-12 21:48:09','none',0),(97,92,90,30,'2015-09-13 09:04:44','none',0),(98,93,91,30,'2015-09-13 11:48:49','none',0),(99,91,89,30,'2015-09-20 12:58:20','none',0);
/*!40000 ALTER TABLE `kh_payment_history` ENABLE KEYS */;
UNLOCK TABLES;

--
-- Table structure for table `kh_payments`
--

DROP TABLE IF EXISTS `kh_payments`;
/*!40101 SET @saved_cs_client     = @@character_set_client */;
/*!40101 SET character_set_client = utf8 */;
CREATE TABLE `kh_payments` (
  `id` int(11) NOT NULL AUTO_INCREMENT,
  `user_id` int(11) NOT NULL,
  `num_players` int(11) NOT NULL DEFAULT '0',
  `total_amount` int(11) NOT NULL DEFAULT '0',
  `amount_due` int(11) NOT NULL DEFAULT '0',
  `amount_paid` int(11) NOT NULL DEFAULT '0',
  `last_payment_date` datetime NOT NULL,
  PRIMARY KEY (`id`)
) ENGINE=MyISAM AUTO_INCREMENT=92 DEFAULT CHARSET=utf8 COLLATE=utf8_unicode_ci;
/*!40101 SET character_set_client = @saved_cs_client */;

--
-- Dumping data for table `kh_payments`
--

LOCK TABLES `kh_payments` WRITE;
/*!40000 ALTER TABLE `kh_payments` DISABLE KEYS */;
INSERT INTO `kh_payments` VALUES (6,5,1,30,0,30,'2015-09-09 23:04:39'),(82,84,1,30,0,30,'2015-09-10 18:40:37'),(8,9,0,0,0,0,'0000-00-00 00:00:00'),(9,11,0,0,0,0,'0000-00-00 00:00:00'),(10,13,2,60,0,60,'2015-09-09 23:04:07'),(11,14,2,30,0,30,'2015-09-09 15:12:32'),(12,15,1,30,0,30,'2015-09-09 23:03:21'),(13,16,1,30,0,30,'2015-09-09 23:03:08'),(14,17,1,30,0,30,'2015-09-09 23:02:57'),(15,18,1,30,0,30,'2015-09-09 23:02:48'),(16,19,1,30,0,30,'2015-09-09 23:02:40'),(17,20,1,30,0,30,'2015-09-09 23:02:18'),(18,21,1,30,0,30,'2015-09-09 23:02:07'),(19,22,1,30,0,30,'2015-09-09 23:01:57'),(20,23,2,60,0,60,'2015-09-09 23:01:48'),(21,24,2,60,0,60,'2015-09-09 23:01:33'),(22,25,1,30,0,30,'2015-09-09 23:01:22'),(23,26,2,60,0,60,'2015-09-09 23:01:12'),(24,27,5,150,0,150,'2015-09-09 23:01:03'),(25,28,1,30,0,30,'2015-09-09 23:00:50'),(26,29,1,30,0,30,'2015-09-09 23:00:42'),(27,30,1,30,0,30,'2015-09-09 23:00:26'),(28,31,1,30,0,30,'2015-09-09 23:00:15'),(29,32,1,30,0,30,'2015-09-09 23:00:04'),(30,33,1,30,0,30,'2015-09-09 22:59:54'),(31,34,1,30,0,30,'2015-09-09 22:59:44'),(32,35,2,60,0,60,'2015-09-09 22:59:32'),(33,36,1,30,0,30,'2015-09-09 22:59:16'),(34,37,2,60,0,60,'2015-09-09 22:59:07'),(35,38,1,30,0,30,'2015-09-09 22:58:56'),(36,39,1,30,0,30,'2015-09-09 22:58:47'),(37,40,1,30,0,30,'2015-09-09 22:58:32'),(38,41,1,30,0,30,'2015-09-09 22:58:22'),(39,42,2,60,0,60,'2015-09-09 22:58:12'),(40,43,1,30,0,30,'2015-09-09 22:58:02'),(41,44,2,60,0,60,'2015-09-09 22:57:51'),(42,45,1,30,0,30,'2015-09-09 22:57:41'),(43,46,3,90,0,90,'2015-09-09 22:57:30'),(44,47,1,30,0,30,'2015-09-09 22:57:13'),(45,48,3,90,0,90,'2015-09-09 22:56:57'),(46,49,1,30,0,30,'2015-09-09 22:56:44'),(47,50,1,30,0,30,'2015-09-09 22:56:20'),(48,51,1,30,0,30,'2015-09-09 22:55:48'),(49,52,1,30,0,30,'2015-09-09 22:55:31'),(50,53,1,30,0,30,'2015-09-09 22:55:19'),(51,54,1,30,0,30,'2015-09-09 22:55:08'),(52,55,1,30,0,30,'2015-09-09 22:54:36'),(53,56,2,60,0,60,'2015-09-11 12:43:02'),(54,57,2,60,0,60,'2015-09-09 22:54:09'),(55,58,1,30,0,30,'2015-09-09 22:53:52'),(56,59,1,30,0,30,'2015-09-09 22:53:27'),(57,60,1,30,0,30,'2015-09-10 18:40:59'),(58,61,2,60,0,60,'2015-09-10 14:30:45'),(59,62,2,60,0,60,'2015-09-10 12:20:50'),(60,63,1,30,0,30,'2015-09-10 12:24:44'),(61,64,0,0,0,0,'2015-09-10 12:24:34'),(62,65,1,30,0,30,'2015-09-10 12:26:22'),(63,66,1,30,0,30,'2015-09-10 12:38:56'),(64,67,2,60,0,60,'2015-09-10 12:41:25'),(65,68,1,30,0,30,'2015-09-10 12:53:14'),(66,69,1,30,0,30,'2015-09-10 12:53:03'),(67,70,1,30,0,30,'2015-09-10 13:14:55'),(68,71,1,30,0,30,'2015-09-10 13:14:46'),(69,72,1,30,0,30,'2015-09-10 14:30:15'),(70,73,3,90,0,90,'2015-09-10 14:30:25'),(71,74,3,90,0,90,'2015-09-10 14:28:42'),(72,75,3,90,0,90,'2015-09-10 14:29:59'),(73,76,2,60,0,60,'2015-09-10 14:29:49'),(74,77,2,60,0,60,'2015-09-10 14:29:37'),(75,78,3,90,0,90,'2015-09-10 14:29:27'),(76,79,1,30,0,30,'2015-09-10 14:29:13'),(77,80,2,60,0,60,'2015-09-10 14:29:03'),(78,81,5,150,0,150,'2015-09-11 11:50:51'),(79,82,2,60,0,60,'2015-09-10 14:28:52'),(80,83,2,0,0,0,'0000-00-00 00:00:00'),(81,2,1,0,0,0,'0000-00-00 00:00:00'),(83,85,1,30,0,30,'2015-09-11 11:50:39'),(84,86,2,60,0,60,'2015-09-11 14:43:26'),(85,87,2,60,0,60,'2015-09-11 14:58:37'),(86,88,0,0,0,0,'0000-00-00 00:00:00'),(87,89,1,30,0,30,'2015-09-11 15:41:45'),(88,90,1,30,0,30,'2015-09-11 20:30:34'),(89,91,2,60,0,60,'2015-09-20 12:58:20'),(90,92,1,30,0,30,'2015-09-13 09:04:44'),(91,93,1,30,0,30,'2015-09-13 11:48:49');
/*!40000 ALTER TABLE `kh_payments` ENABLE KEYS */;
UNLOCK TABLES;

--
-- Table structure for table `kh_player_picks`
--

DROP TABLE IF EXISTS `kh_player_picks`;
/*!40101 SET @saved_cs_client     = @@character_set_client */;
/*!40101 SET character_set_client = utf8 */;
CREATE TABLE `kh_player_picks` (
  `id` int(11) NOT NULL AUTO_INCREMENT,
  `player_id` int(11) NOT NULL,
  `week_id` int(11) NOT NULL,
  `team_id` int(11) NOT NULL,
  `user_id` int(11) NOT NULL,
  `picked_time_stamp` datetime NOT NULL,
  PRIMARY KEY (`id`)
) ENGINE=InnoDB AUTO_INCREMENT=328 DEFAULT CHARSET=utf8;
/*!40101 SET character_set_client = @saved_cs_client */;

--
-- Dumping data for table `kh_player_picks`
--

LOCK TABLES `kh_player_picks` WRITE;
/*!40000 ALTER TABLE `kh_player_picks` DISABLE KEYS */;
INSERT INTO `kh_player_picks` VALUES (15,10,1,20,14,'2015-09-09 21:27:46'),(16,11,1,17,14,'2015-09-09 21:28:14'),(17,60,1,27,44,'2015-09-10 00:51:38'),(18,61,1,26,44,'2015-09-10 00:51:55'),(19,64,1,17,49,'2015-09-10 09:48:58'),(20,68,1,7,53,'2015-09-10 10:10:35'),(21,71,1,12,57,'2015-09-10 11:44:56'),(22,72,1,20,57,'2015-09-10 11:45:05'),(24,77,1,12,61,'2015-09-10 12:02:42'),(25,55,1,17,39,'2015-09-10 12:40:15'),(27,20,1,21,27,'2015-09-10 14:18:16'),(28,51,1,18,15,'2015-09-10 18:36:17'),(29,52,1,21,36,'2015-09-10 18:38:22'),(30,118,1,21,60,'2015-09-10 18:41:50'),(31,83,1,21,66,'2015-09-10 18:44:06'),(32,63,1,16,47,'2015-09-10 19:30:46'),(33,93,1,21,80,'2015-09-10 21:11:36'),(34,57,1,17,33,'2015-09-11 09:56:19'),(35,30,1,20,42,'2015-09-11 10:58:44'),(36,29,1,12,42,'2015-09-11 10:59:10'),(37,112,1,28,83,'2015-09-11 11:04:47'),(38,113,1,12,83,'2015-09-11 11:05:02'),(39,43,1,10,5,'2015-09-11 11:34:46'),(40,105,1,12,74,'2015-09-11 11:39:55'),(41,107,1,13,74,'2015-09-11 11:40:40'),(42,106,1,10,74,'2015-09-11 11:41:13'),(43,45,1,17,29,'2015-09-11 11:41:51'),(44,46,1,17,30,'2015-09-11 12:51:16'),(45,119,1,12,85,'2015-09-11 14:26:02'),(47,73,1,17,58,'2015-09-11 15:06:52'),(48,94,1,17,80,'2015-09-11 15:15:16'),(49,24,1,20,27,'2015-09-11 15:18:26'),(50,22,1,12,27,'2015-09-11 15:18:49'),(51,23,1,10,27,'2015-09-11 15:19:03'),(52,21,1,9,27,'2015-09-11 15:21:20'),(53,129,1,9,87,'2015-09-11 15:40:09'),(54,128,1,12,87,'2015-09-11 15:40:25'),(55,130,1,28,89,'2015-09-11 15:54:15'),(56,44,1,12,28,'2015-09-11 15:55:57'),(57,67,1,9,52,'2015-09-11 16:15:58'),(59,116,1,12,2,'2015-09-11 18:20:19'),(60,66,1,20,51,'2015-09-11 19:01:13'),(61,16,1,7,26,'2015-09-11 19:54:19'),(62,38,1,12,18,'2015-09-11 20:38:56'),(63,114,1,7,75,'2015-09-11 21:51:50'),(64,104,1,10,75,'2015-09-11 21:52:32'),(65,115,1,17,75,'2015-09-11 21:53:07'),(67,100,1,9,76,'2015-09-11 22:34:51'),(68,12,1,20,23,'2015-09-12 01:03:00'),(69,131,1,20,90,'2015-09-12 01:10:55'),(71,95,1,12,79,'2015-09-12 08:39:30'),(72,75,1,12,16,'2015-09-12 11:52:35'),(73,28,1,17,37,'2015-09-12 11:54:39'),(74,27,1,12,37,'2015-09-12 11:54:52'),(75,56,1,12,34,'2015-09-12 12:05:35'),(76,9,1,20,13,'2015-09-12 12:37:41'),(77,41,1,12,21,'2015-09-12 13:51:28'),(78,108,1,18,73,'2015-09-12 13:51:47'),(79,109,1,24,73,'2015-09-12 13:53:19'),(80,110,1,9,73,'2015-09-12 13:54:48'),(81,40,1,12,20,'2015-09-12 14:16:24'),(82,54,1,12,32,'2015-09-12 16:50:06'),(83,125,1,28,56,'2015-09-12 18:46:48'),(84,76,1,17,56,'2015-09-12 18:48:30'),(85,62,1,12,45,'2015-09-12 18:57:08'),(86,13,1,12,23,'2015-09-12 19:08:55'),(87,17,1,17,26,'2015-09-12 20:08:19'),(88,84,1,1,67,'2015-09-12 20:28:00'),(89,85,1,12,67,'2015-09-12 20:28:23'),(90,103,1,17,77,'2015-09-12 20:49:40'),(91,102,1,7,77,'2015-09-12 20:49:59'),(92,99,1,12,78,'2015-09-12 20:59:29'),(93,98,1,10,78,'2015-09-12 21:00:03'),(94,97,1,9,78,'2015-09-12 21:00:47'),(95,49,1,17,40,'2015-09-12 21:14:03'),(96,48,1,17,31,'2015-09-12 21:17:50'),(97,53,1,9,38,'2015-09-12 21:42:54'),(98,92,1,12,82,'2015-09-12 22:06:11'),(99,91,1,17,82,'2015-09-12 22:06:28'),(100,47,1,17,41,'2015-09-12 23:32:34'),(101,18,1,13,25,'2015-09-13 00:01:44'),(103,42,1,5,22,'2015-09-13 05:37:44'),(104,90,1,7,72,'2015-09-13 07:17:02'),(105,120,1,24,81,'2015-09-13 08:11:41'),(106,124,1,28,81,'2015-09-13 08:12:32'),(107,123,1,7,81,'2015-09-13 08:12:59'),(108,122,1,12,81,'2015-09-13 08:13:18'),(109,86,1,12,68,'2015-09-13 08:16:51'),(110,87,1,9,69,'2015-09-13 08:17:50'),(111,78,1,17,62,'2015-09-13 08:23:43'),(112,79,1,20,62,'2015-09-13 08:25:01'),(113,101,1,12,76,'2015-09-13 08:25:58'),(114,69,1,12,54,'2015-09-13 09:03:42'),(115,34,1,17,48,'2015-09-13 09:06:52'),(116,35,1,20,48,'2015-09-13 09:07:33'),(117,36,1,12,48,'2015-09-13 09:09:40'),(118,80,1,20,63,'2015-09-13 09:34:53'),(119,14,1,5,24,'2015-09-13 09:52:29'),(120,15,1,12,24,'2015-09-13 09:55:22'),(121,37,1,17,17,'2015-09-13 10:01:46'),(122,74,1,17,59,'2015-09-13 10:14:43'),(123,31,1,20,46,'2015-09-13 10:28:19'),(124,32,1,17,46,'2015-09-13 10:28:37'),(125,33,1,17,46,'2015-09-13 10:28:57'),(126,89,1,17,71,'2015-09-13 10:38:32'),(127,117,1,17,84,'2015-09-13 10:56:41'),(128,88,1,12,70,'2015-09-13 11:25:03'),(129,121,1,24,81,'2015-09-13 11:48:13'),(130,134,1,20,93,'2015-09-13 11:49:07'),(131,133,1,12,92,'2015-09-13 12:19:16'),(132,126,1,12,86,'2015-09-13 12:26:46'),(133,127,1,17,86,'2015-09-13 12:31:15'),(134,50,1,20,13,'2015-09-13 12:32:55'),(135,65,1,17,50,'2015-09-13 12:46:34'),(136,39,1,5,19,'2015-09-13 13:10:03'),(137,111,1,17,61,'2015-09-13 13:24:44'),(138,59,1,12,43,'2015-09-13 13:26:56'),(139,82,1,12,65,'2015-09-13 13:27:10'),(140,70,1,12,55,'2015-09-13 13:27:29'),(141,132,1,12,91,'2015-09-13 21:12:05'),(142,26,1,12,35,'2015-09-13 21:12:15'),(143,25,1,12,35,'2015-09-13 21:12:26'),(144,26,2,22,35,'2015-09-17 08:16:26'),(145,25,2,25,35,'2015-09-17 08:16:53'),(146,95,2,1,79,'2015-09-17 10:10:20'),(147,71,2,22,57,'2015-09-17 11:15:49'),(148,72,2,1,57,'2015-09-17 11:16:07'),(149,133,2,22,92,'2015-09-17 11:38:40'),(150,30,2,22,42,'2015-09-17 11:42:39'),(151,29,2,3,42,'2015-09-17 11:43:57'),(152,29,2,25,42,'2015-09-17 11:45:02'),(153,118,2,17,60,'2015-09-17 12:22:43'),(154,90,2,14,72,'2015-09-17 15:27:43'),(155,10,2,17,14,'2015-09-17 16:28:09'),(156,11,2,22,14,'2015-09-17 16:28:51'),(157,54,2,22,32,'2015-09-17 17:32:00'),(158,83,2,22,66,'2015-09-18 00:00:48'),(159,69,2,31,54,'2015-09-18 06:32:48'),(160,55,2,22,39,'2015-09-18 06:41:25'),(161,45,2,22,29,'2015-09-18 09:13:23'),(162,67,2,17,52,'2015-09-18 10:45:21'),(163,113,2,17,83,'2015-09-18 12:11:13'),(164,43,2,29,5,'2015-09-18 12:21:05'),(165,57,2,22,33,'2015-09-18 13:28:40'),(166,56,2,17,34,'2015-09-18 13:29:30'),(167,68,2,3,53,'2015-09-18 14:31:28'),(168,9,2,1,13,'2015-09-18 14:51:55'),(169,50,2,17,13,'2015-09-18 14:53:38'),(170,119,2,22,85,'2015-09-18 15:14:31'),(171,46,2,1,30,'2015-09-18 16:20:14'),(172,44,2,22,28,'2015-09-18 16:35:35'),(173,99,2,22,78,'2015-09-18 17:30:06'),(174,98,2,25,78,'2015-09-18 17:30:43'),(175,97,2,3,78,'2015-09-18 17:31:23'),(176,131,2,3,90,'2015-09-18 18:13:57'),(177,12,2,22,23,'2015-09-18 19:49:47'),(179,66,2,22,51,'2015-09-18 20:30:53'),(180,53,2,22,38,'2015-09-18 23:42:36'),(181,132,2,22,91,'2015-09-19 08:30:28'),(182,38,2,21,18,'2015-09-19 09:16:30'),(183,75,2,22,16,'2015-09-19 11:56:41'),(184,37,2,22,17,'2015-09-19 12:53:39'),(185,13,2,25,23,'2015-09-19 17:40:40'),(186,52,2,3,36,'2015-09-19 19:06:10'),(187,105,2,22,74,'2015-09-19 20:06:50'),(188,106,2,3,74,'2015-09-19 20:07:45'),(189,17,2,22,26,'2015-09-19 20:15:03'),(190,16,2,17,26,'2015-09-19 20:16:10'),(191,48,2,22,31,'2015-09-19 20:47:57'),(192,76,2,3,56,'2015-09-19 21:08:45'),(193,49,2,14,40,'2015-09-19 21:11:12'),(194,129,2,22,87,'2015-09-19 21:41:53'),(195,128,2,17,87,'2015-09-19 21:42:21'),(196,114,2,22,75,'2015-09-19 22:54:56'),(197,104,2,22,75,'2015-09-19 22:55:22'),(198,115,2,3,75,'2015-09-19 22:55:42'),(199,60,2,3,44,'2015-09-19 22:58:42'),(200,61,2,22,44,'2015-09-19 22:59:10'),(201,63,2,22,47,'2015-09-19 23:03:42'),(202,59,2,22,43,'2015-09-19 23:11:45'),(203,31,2,22,46,'2015-09-19 23:16:44'),(204,32,2,29,46,'2015-09-19 23:17:19'),(205,47,2,22,41,'2015-09-20 00:25:44'),(206,41,2,22,21,'2015-09-20 00:27:43'),(207,103,2,22,77,'2015-09-20 00:53:02'),(208,33,2,29,46,'2015-09-20 07:44:10'),(209,27,2,22,37,'2015-09-20 08:06:07'),(210,28,2,25,37,'2015-09-20 08:06:32'),(211,87,2,17,69,'2015-09-20 08:12:42'),(212,86,2,1,68,'2015-09-20 08:13:51'),(213,101,2,22,76,'2015-09-20 08:15:41'),(214,100,2,17,76,'2015-09-20 08:16:39'),(215,134,2,22,93,'2015-09-20 08:48:16'),(216,80,2,22,63,'2015-09-20 08:51:09'),(217,62,2,22,45,'2015-09-20 09:09:07'),(218,42,2,29,22,'2015-09-20 09:11:04'),(219,78,2,22,62,'2015-09-20 09:16:24'),(220,79,2,17,62,'2015-09-20 09:16:54'),(221,24,2,25,27,'2015-09-20 09:37:30'),(222,20,2,3,27,'2015-09-20 09:37:42'),(223,22,2,14,27,'2015-09-20 09:37:59'),(224,23,2,24,27,'2015-09-20 09:38:24'),(225,21,2,22,27,'2015-09-20 09:38:57'),(226,116,2,17,2,'2015-09-20 09:40:20'),(227,74,2,22,59,'2015-09-20 10:10:09'),(228,34,2,22,48,'2015-09-20 10:11:13'),(229,35,2,14,48,'2015-09-20 10:12:04'),(230,36,2,25,48,'2015-09-20 10:12:26'),(231,89,2,22,71,'2015-09-20 10:19:53'),(232,117,2,22,84,'2015-09-20 11:00:16'),(233,65,2,29,50,'2015-09-20 11:09:26'),(234,14,2,22,24,'2015-09-20 11:26:56'),(235,15,2,17,24,'2015-09-20 11:27:11'),(236,102,2,29,77,'2015-09-20 11:31:44'),(237,64,2,29,49,'2015-09-20 12:06:09'),(238,88,2,17,70,'2015-09-20 12:11:39'),(239,110,2,22,73,'2015-09-20 12:19:36'),(240,126,2,22,86,'2015-09-20 12:22:54'),(241,127,2,29,86,'2015-09-20 12:23:11'),(242,84,2,3,67,'2015-09-20 12:24:52'),(243,82,2,25,65,'2015-09-20 12:27:06'),(244,85,2,17,67,'2015-09-20 12:27:43'),(245,123,2,22,81,'2015-09-20 12:35:15'),(246,122,2,3,81,'2015-09-20 12:35:59'),(247,94,2,3,80,'2015-09-20 12:55:25'),(248,93,2,22,80,'2015-09-20 12:55:45'),(249,73,2,25,58,'2015-09-20 12:56:55'),(250,135,2,17,91,'2015-09-20 12:58:47'),(251,91,2,3,82,'2015-09-20 12:59:09'),(252,92,2,17,82,'2015-09-20 12:59:31'),(253,39,2,17,19,'2015-09-20 13:13:23'),(254,111,2,1,61,'2015-09-20 17:13:49'),(255,77,2,25,61,'2015-09-20 17:14:32'),(256,40,2,1,20,'2015-09-20 20:16:54'),(257,70,2,1,55,'2015-09-21 09:26:01'),(258,38,3,14,18,'2015-09-24 06:30:37'),(259,25,3,5,35,'2015-09-24 06:59:37'),(260,95,3,28,79,'2015-09-24 09:44:20'),(261,72,3,21,57,'2015-09-24 15:43:59'),(262,46,3,21,30,'2015-09-25 18:58:31'),(263,13,3,21,23,'2015-09-25 22:20:56'),(264,98,3,21,78,'2015-09-26 17:08:00'),(265,24,3,28,27,'2015-09-26 18:09:28'),(266,82,3,21,65,'2015-09-26 23:04:18'),(267,28,3,21,37,'2015-09-27 08:52:45'),(268,86,3,28,68,'2015-09-27 10:51:08'),(269,36,3,28,48,'2015-09-27 11:10:07'),(270,111,3,21,61,'2015-09-27 13:46:13'),(271,77,3,14,61,'2015-09-27 13:46:32'),(272,40,3,14,20,'2015-09-27 13:46:59'),(273,73,3,21,58,'2015-09-27 13:47:23'),(274,9,3,14,13,'2015-09-27 13:48:01'),(275,70,3,21,55,'2015-09-27 14:03:19'),(276,95,4,14,79,'2015-10-01 13:49:07'),(277,72,4,2,57,'2015-10-01 18:19:17'),(278,46,4,12,30,'2015-10-02 18:08:07'),(279,13,4,26,23,'2015-10-02 21:39:51'),(280,38,4,2,18,'2015-10-02 21:55:19'),(281,25,4,28,35,'2015-10-02 22:55:54'),(282,82,4,28,65,'2015-10-03 19:20:18'),(283,24,4,1,27,'2015-10-03 22:23:09'),(284,98,4,28,78,'2015-10-03 22:25:29'),(285,86,4,4,68,'2015-10-04 08:26:33'),(286,28,4,12,37,'2015-10-04 08:56:41'),(287,36,4,4,48,'2015-10-04 11:39:13'),(288,73,4,20,58,'2015-10-04 13:16:45'),(289,40,4,20,20,'2015-10-04 13:18:21'),(290,77,4,2,61,'2015-10-04 13:19:33'),(291,111,4,5,61,'2015-10-04 13:20:11'),(292,9,4,5,13,'2015-10-04 13:21:10'),(293,70,4,20,55,'2015-10-04 13:23:20'),(294,95,5,2,79,'2015-10-08 10:04:41'),(295,46,5,16,30,'2015-10-08 15:54:13'),(296,72,5,16,57,'2015-10-08 18:22:55'),(297,82,5,2,65,'2015-10-08 19:41:35'),(298,25,5,1,35,'2015-10-08 21:06:06'),(299,38,5,3,18,'2015-10-09 16:41:06'),(300,13,5,19,23,'2015-10-09 18:53:53'),(301,28,5,2,37,'2015-10-10 12:18:19'),(302,111,5,16,61,'2015-10-11 14:42:40'),(303,70,5,16,55,'2015-10-11 14:43:18'),(304,77,5,10,61,'2015-10-11 14:44:56'),(305,9,5,12,13,'2015-10-11 14:45:56'),(306,73,5,12,58,'2015-10-11 14:46:25'),(307,40,5,16,20,'2015-10-11 14:46:47'),(308,82,6,10,65,'2015-10-15 05:47:04'),(309,13,6,28,23,'2015-10-15 13:33:45'),(310,95,6,21,79,'2015-10-15 13:47:56'),(311,25,6,7,35,'2015-10-17 01:16:17'),(312,28,6,20,37,'2015-10-18 10:59:20'),(313,77,6,20,61,'2015-10-18 13:27:53'),(314,9,6,10,13,'2015-10-18 13:28:15'),(315,73,6,10,58,'2015-10-18 13:30:35'),(316,95,7,26,79,'2015-10-23 21:12:31'),(317,25,7,14,35,'2015-10-23 23:10:05'),(318,82,7,1,65,'2015-10-24 20:03:25'),(319,28,7,26,37,'2015-10-25 09:58:07'),(320,77,7,1,61,'2015-10-25 13:07:10'),(321,9,7,29,13,'2015-10-25 13:10:42'),(322,73,7,26,58,'2015-10-25 13:11:31'),(323,73,8,5,58,'2015-10-30 10:13:49'),(324,9,8,2,13,'2015-10-30 10:15:33'),(325,82,8,5,65,'2015-10-31 23:39:46'),(326,82,9,22,65,'2015-11-05 17:48:17'),(327,9,9,21,13,'2015-11-06 09:15:03');
/*!40000 ALTER TABLE `kh_player_picks` ENABLE KEYS */;
UNLOCK TABLES;

--
-- Table structure for table `kh_player_picks_history`
--

DROP TABLE IF EXISTS `kh_player_picks_history`;
/*!40101 SET @saved_cs_client     = @@character_set_client */;
/*!40101 SET character_set_client = utf8 */;
CREATE TABLE `kh_player_picks_history` (
  `id` int(11) NOT NULL AUTO_INCREMENT,
  `player_id` int(11) NOT NULL,
  `week_id` int(11) NOT NULL,
  `new_team_id` int(11) NOT NULL,
  `old_team_id` int(11) NOT NULL,
  `user_id` int(11) NOT NULL,
  `edited_by_user_id` int(11) NOT NULL,
  `picked_time_stamp` datetime NOT NULL,
  PRIMARY KEY (`id`)
) ENGINE=MyISAM AUTO_INCREMENT=31 DEFAULT CHARSET=utf8 COLLATE=utf8_unicode_ci;
/*!40101 SET character_set_client = @saved_cs_client */;

--
-- Dumping data for table `kh_player_picks_history`
--

LOCK TABLES `kh_player_picks_history` WRITE;
/*!40000 ALTER TABLE `kh_player_picks_history` DISABLE KEYS */;
INSERT INTO `kh_player_picks_history` VALUES (8,73,1,12,28,58,1,'2015-09-13 21:08:16'),(7,80,1,20,23,63,1,'2015-09-13 21:07:54'),(6,89,1,17,14,71,71,'2015-09-13 11:38:06'),(4,63,1,16,12,47,47,'2015-09-11 19:34:18'),(5,16,1,7,10,26,26,'2015-09-12 20:09:48'),(9,73,1,17,12,58,1,'2015-09-13 21:11:10'),(10,39,1,5,3,19,1,'2015-09-14 09:19:45'),(11,72,2,31,22,57,57,'2015-09-17 11:17:26'),(12,45,2,22,29,29,29,'2015-09-18 13:43:28'),(13,90,2,14,17,72,72,'2015-09-18 13:58:42'),(14,119,2,22,25,85,85,'2015-09-18 15:27:13'),(15,63,2,22,31,47,47,'2015-09-20 12:03:20'),(16,88,2,17,29,70,70,'2015-09-20 12:12:26'),(17,72,2,1,31,57,57,'2015-09-20 12:45:28'),(18,133,2,22,25,92,1,'2015-09-20 12:49:59'),(19,9,2,1,17,13,1,'2015-09-21 09:33:05'),(20,29,2,25,22,42,1,'2015-09-21 09:34:03'),(21,73,2,25,22,58,1,'2015-09-21 11:14:28'),(22,25,3,5,28,35,35,'2015-09-27 11:52:50'),(23,9,3,14,22,13,1,'2015-09-27 14:05:18'),(24,25,4,28,1,35,35,'2015-10-02 22:57:18'),(25,28,4,12,14,37,37,'2015-10-04 09:59:20'),(26,25,5,1,19,35,35,'2015-10-10 23:07:47'),(27,82,6,10,1,65,65,'2015-10-15 05:47:22'),(28,25,6,7,21,35,35,'2015-10-18 00:28:28'),(29,73,8,2,1,58,1,'2015-11-01 12:37:56'),(30,73,8,5,2,58,1,'2015-11-01 12:38:45');
/*!40000 ALTER TABLE `kh_player_picks_history` ENABLE KEYS */;
UNLOCK TABLES;

--
-- Table structure for table `kh_players`
--

DROP TABLE IF EXISTS `kh_players`;
/*!40101 SET @saved_cs_client     = @@character_set_client */;
/*!40101 SET character_set_client = utf8 */;
CREATE TABLE `kh_players` (
  `id` int(11) NOT NULL AUTO_INCREMENT,
  `player_name` varchar(75) CHARACTER SET utf8 NOT NULL,
  `active` tinyint(4) NOT NULL DEFAULT '1',
  `enabled` tinyint(4) NOT NULL DEFAULT '1',
  `lost` int(11) NOT NULL DEFAULT '0',
  `primary_user_id` int(11) NOT NULL,
  `user_name` varchar(50) CHARACTER SET utf8 NOT NULL,
  `display_name` varchar(50) CHARACTER SET utf8 NOT NULL,
  `sign_up_stamp` datetime NOT NULL,
  PRIMARY KEY (`id`)
) ENGINE=InnoDB AUTO_INCREMENT=136 DEFAULT CHARSET=latin1;
/*!40101 SET character_set_client = @saved_cs_client */;

--
-- Dumping data for table `kh_players`
--

LOCK TABLES `kh_players` WRITE;
/*!40000 ALTER TABLE `kh_players` DISABLE KEYS */;
INSERT INTO `kh_players` VALUES (9,'Sharky\'s Machine',1,0,1,13,'paulmcfadden','Paul McFadden','2015-09-09 15:01:49'),(10,'Batman',1,0,1,14,'dannykeeshan','Danny Keeshan','2015-09-09 15:08:36'),(11,'Spiderman',1,0,1,14,'dannykeeshan','Danny Keeshan','2015-09-09 15:08:58'),(12,'Brian1',1,0,1,23,'bdelaney','BDelaney','2015-09-09 21:59:58'),(13,'Brian2',1,0,1,23,'bdelaney','BDelaney','2015-09-09 22:00:26'),(14,'Hurricane Hoffman',1,0,1,24,'rhoffman','Hurricane Hoffman','2015-09-09 22:01:19'),(15,'Weatherman',1,0,1,24,'rhoffman','Hurricane Hoffman','2015-09-09 22:01:34'),(16,'James1',1,0,1,26,'jmilano','Pest Control','2015-09-09 22:02:17'),(17,'James2',1,0,1,26,'jmilano','Pest Control','2015-09-09 22:02:30'),(18,'G-Man Tim',1,0,1,25,'tdelaney','TDelaney','2015-09-09 22:02:48'),(20,'Frank1',1,0,1,27,'fstanek','FStanek','2015-09-09 22:03:25'),(21,'Stanek of the North',1,0,1,27,'fstanek','FStanek','2015-09-09 22:04:01'),(22,'Holy Molson',1,0,1,27,'fstanek','FStanek','2015-09-09 22:04:14'),(23,'Oh Ottawa',1,0,1,27,'fstanek','FStanek','2015-09-09 22:04:50'),(24,'Canuck',1,0,1,27,'fstanek','FStanek','2015-09-09 22:05:09'),(25,'Steve',1,0,1,35,'sjakubisin','SJakub','2015-09-09 22:05:45'),(26,'Riley',1,0,1,35,'sjakubisin','SJakub','2015-09-09 22:05:55'),(27,'Sherlocks Shenanigans',1,0,1,37,'kmee','KMee','2015-09-09 22:08:34'),(28,'Mee Name is Kevin',1,0,1,37,'kmee','KMee','2015-09-09 22:08:53'),(29,'Bryan1',1,0,1,42,'bhale','BHale','2015-09-09 22:09:35'),(30,'All Hale Bryan',1,0,1,42,'bhale','BHale','2015-09-09 22:09:56'),(31,'Roger Jr 1',1,0,1,46,'rdesjardins','Rdesjardins','2015-09-09 22:11:58'),(32,'Roger Jr 2',1,0,1,46,'rdesjardins','Rdesjardins','2015-09-09 22:12:15'),(33,'Roger Sr',1,0,1,46,'rdesjardins','Rdesjardins','2015-09-09 22:12:28'),(34,'BP 1',1,0,1,48,'bpetite','BPetite','2015-09-09 22:12:56'),(35,'BP 2',1,0,1,48,'bpetite','BPetite','2015-09-09 22:13:07'),(36,'BP 3',1,0,1,48,'bpetite','BPetite','2015-09-09 22:13:20'),(37,'KMR v KMR',1,0,1,17,'kritter','KMR v KMR','2015-09-09 22:15:04'),(38,'PSE&George',1,0,1,18,'gritter','GRitter','2015-09-09 22:16:01'),(39,'Bubbles',1,0,1,19,'bdistefano','Bubbles','2015-09-09 22:16:16'),(40,'Tiny Bum',1,0,1,20,'dpembroke','Penelope','2015-09-09 22:16:30'),(41,'YES Man Adam',1,0,1,21,'anewman','ANewman','2015-09-09 22:17:06'),(42,'Craig\'s de name',1,0,1,22,'cdename','CDename','2015-09-09 22:17:43'),(43,'Drewblue',1,0,1,5,'drewblue','DrewBlue','2015-09-09 22:18:10'),(44,'Machine man Kenny',1,0,1,28,'kkratz','KKratz','2015-09-09 22:20:30'),(45,'Phins',1,0,1,29,'jbauknecht','JBauk','2015-09-09 22:21:58'),(46,'JD',1,0,1,30,'jdispigno','JDispigno','2015-09-09 22:22:24'),(47,'Toolman Gary',1,0,1,41,'garyb','Garyb','2015-09-09 22:23:44'),(48,'Carlton Light 120s',1,0,1,31,'mcarlton','MCarlton','2015-09-09 22:24:14'),(49,'Shamrock',1,0,1,40,'ablackman','ABlackman','2015-09-09 22:24:50'),(50,'Slappy',1,0,1,13,'paulmcfadden','Paul McFadden','2015-09-09 22:25:26'),(51,'G-String',1,0,1,15,'georgemcfadden','G String','2015-09-09 22:25:45'),(52,'Sonny',1,0,1,36,'sscorso','SScorso','2015-09-09 22:26:01'),(53,'Folken',1,0,1,38,'rfolken','RFolken','2015-09-09 22:27:54'),(54,'Fall King',1,0,1,32,'wfolken','WFolken','2015-09-09 22:28:23'),(55,'Carlucci\'s Way',1,0,1,39,'pcarlucci','PCarlucci','2015-09-09 22:28:39'),(56,'Mama Gas',1,0,1,34,'kgasiewski','KGasiewski','2015-09-09 22:29:02'),(57,'Buster Gazoo',1,0,1,33,'ggasiewski','GGasiewski','2015-09-09 22:29:17'),(59,'D\'yer Maker',1,0,1,43,'rdyer','RDyer','2015-09-09 22:30:57'),(60,'Daddy Keesh',1,0,1,44,'rkeeshan','RKeeshan','2015-09-09 22:31:42'),(61,'Keesh is the Word',1,0,1,44,'rkeeshan','RKeeshan','2015-09-09 22:32:02'),(62,'Ray D',1,0,1,45,'rdesposito','RDesposito','2015-09-09 22:32:35'),(63,'Patty K',1,0,1,47,'pkeeshan','PKeeshan','2015-09-09 22:33:13'),(64,'Squiggy',1,0,1,49,'lmusillo','LMusillo','2015-09-09 22:34:37'),(65,'Nicky',1,0,1,50,'nmusillo','NMusillo','2015-09-09 22:34:52'),(66,'JD Jr',1,0,1,51,'jdillonjr','JDillonjr','2015-09-09 22:35:26'),(67,'JD Sr',1,0,1,52,'jdillonsr','JDillonsr','2015-09-09 22:35:39'),(68,'VC-O-Lino',1,0,1,53,'vciolino','VCiolino','2015-09-09 22:37:02'),(69,'MO',1,0,1,54,'moleary','MOleary','2015-09-09 22:38:13'),(70,'Jimmy Little',1,0,1,55,'jpetite','JPetite','2015-09-09 22:39:35'),(71,'Nick Bekas 1',1,0,1,57,'nbekas','NBekas','2015-09-09 22:42:37'),(72,'Nick Bekas 2',1,0,1,57,'nbekas','NBekas','2015-09-09 22:42:50'),(73,'The Beasts',1,0,1,58,'eugene','Eugene','2015-09-09 22:45:59'),(74,'Liechtung Baby!',1,0,1,59,'aliechtung','Aliechtung','2015-09-09 22:48:12'),(75,'Missing Jeter',1,0,1,16,'eileendename','Eileen DeName','2015-09-09 22:51:56'),(76,'U R Out',1,0,1,56,'bdename','BDename','2015-09-09 22:52:19'),(77,'Sharks',1,0,0,61,'sredo','Sandra Redo','2015-09-10 11:59:46'),(78,'Albacore',1,0,1,62,'jalbanese','Joe Albanese','2015-09-10 12:12:01'),(79,'Tuna Joe',1,0,1,62,'jalbanese','Joe Albanese','2015-09-10 12:13:21'),(80,'It\'s Pat!',1,0,1,63,'pbrennan','Pat Brennan','2015-09-10 12:22:13'),(82,'Fishy The Chach',1,0,1,65,'ssabella','Sean Sabella','2015-09-10 12:25:40'),(83,'JW',1,0,1,66,'jweir','John Weir','2015-09-10 12:34:35'),(84,'Little Mike',1,0,1,67,'mtuccillo','Mike Tuccillo','2015-09-10 12:40:30'),(85,'MT Mike T',1,0,1,67,'mtuccillo','Mike Tuccillo','2015-09-10 12:41:11'),(86,'Momma Simone',1,0,1,68,'dsimone','Danielle Simone','2015-09-10 12:52:35'),(87,'Poppa Lou',1,0,1,69,'lsimone','Louis Simone','2015-09-10 12:52:49'),(88,'Kristin',1,0,1,70,'kdortz','Kristin Dortz','2015-09-10 12:58:02'),(89,'Catt-a-ban',1,0,1,71,'pcattabiani','Paul Cattabiani','2015-09-10 12:58:24'),(90,'Norwegian Nightmare',1,0,1,72,'jhansen','Justin Hansen','2015-09-10 14:08:25'),(91,'Neen',1,0,1,82,'jcandelora','Jeanine Candelora','2015-09-10 14:08:44'),(92,'Grillmaster Sal',1,0,1,82,'jcandelora','Jeanine Candelora','2015-09-10 14:09:10'),(93,'Pacman',1,0,1,80,'mpacanovsky','Matt Pacanovsky','2015-09-10 14:09:35'),(94,'2014 KOTH Champ',1,0,1,80,'mpacanovsky','Matt Pacanovsky','2015-09-10 14:09:53'),(95,'K-Farch',1,0,1,79,'kfarchione','Kelly Farchione','2015-09-10 14:10:23'),(97,'Jon D',1,0,1,78,'jdecatur','Jon Decatur','2015-09-10 14:11:05'),(98,'Jessy D',1,0,0,78,'jdecatur','Jon Decatur','2015-09-10 14:11:21'),(99,'Matthew',1,0,1,78,'jdecatur','Jon Decatur','2015-09-10 14:11:35'),(100,'Scott',1,0,1,76,'sfish','Scott Fish','2015-09-10 14:12:03'),(101,'Katie',1,0,1,76,'sfish','Scott Fish','2015-09-10 14:12:15'),(102,'Scott451',1,0,1,77,'pozzem451','Kevin/Scott','2015-09-10 14:12:35'),(103,'Kevin 451',1,0,1,77,'pozzem451','Kevin/Scott','2015-09-10 14:12:53'),(104,'Johnny Footballidis',1,0,1,75,'jpaskalidis','John Paskalidis','2015-09-10 14:14:04'),(105,'Chiro 1',1,0,1,74,'rpinto','Ramiro Pinto','2015-09-10 14:14:29'),(106,'Ramiro',1,0,1,74,'rpinto','Ramiro Pinto','2015-09-10 14:14:50'),(107,'Chiro 2',1,0,1,74,'rpinto','Ramiro Pinto','2015-09-10 14:15:21'),(108,'Coach',1,0,1,73,'jteta','James Teta','2015-09-10 14:15:56'),(109,'Jimmy \"The Superfly\" Teta',1,0,1,73,'jteta','James Teta','2015-09-10 14:16:48'),(110,'JT',1,0,1,73,'jteta','James Teta','2015-09-10 14:17:29'),(111,'Elvis Lives',1,0,1,61,'sredo','Sandra Redo','2015-09-10 14:18:14'),(112,'Strong Like Bull',1,0,1,83,'kredo','Keith Redo','2015-09-10 14:19:47'),(113,'Dumb Like Ox',1,0,1,83,'kredo','Keith Redo','2015-09-10 14:20:03'),(114,'John 3:16',1,0,1,75,'jpaskalidis','John Paskalidis','2015-09-10 14:25:32'),(115,'King John',1,0,1,75,'jpaskalidis','John Paskalidis','2015-09-10 14:25:49'),(116,'ganeshk',1,0,1,2,'gkhandare','Ganesh','2015-09-10 17:43:15'),(117,'Fast Eddy',1,0,1,84,'estratford','Ed Stratford','2015-09-10 18:37:34'),(118,'Crazy Man Jumpin\' Joe',1,0,1,60,'jlanaro','Joe Lanaro','2015-09-10 18:39:59'),(119,'Burrower',1,0,1,85,'bburrows','Brendan Burrows','2015-09-10 21:09:05'),(120,'Raider Hater',1,0,1,81,'tchristian','Traci Christian','2015-09-11 11:49:01'),(121,'Slim Jim',1,0,1,81,'tchristian','Traci Christian','2015-09-11 11:49:24'),(122,'Mile High',1,0,1,81,'tchristian','Traci Christian','2015-09-11 11:49:40'),(123,'Hail Mary',1,0,1,81,'tchristian','Traci Christian','2015-09-11 11:49:57'),(124,'3 and Out',1,0,1,81,'tchristian','Traci Christian','2015-09-11 11:50:11'),(125,'Hey Blue!',1,0,1,56,'bdename','BDename','2015-09-11 12:42:27'),(126,'J Mac 1',1,0,1,86,'jmcneilly','John McNeilly','2015-09-11 14:36:40'),(127,'J Mac 2',1,0,1,86,'jmcneilly','John McNeilly','2015-09-11 14:36:51'),(128,'Mike D',1,0,1,87,'mdemling','Mike Demling','2015-09-11 14:58:09'),(129,'MDNY',1,0,1,87,'mdemling','Mike Demling','2015-09-11 14:58:24'),(130,'PSU Man!',1,0,1,89,'jruth','Justin Ruth','2015-09-11 15:41:34'),(131,'Rieffer Man',1,0,1,90,'jrieff','Jordan Rieff','2015-09-11 20:30:07'),(132,'Fitz',1,0,1,91,'lfitzgibbons','Luke Fitzgibbons','2015-09-12 21:47:52'),(133,'G-Woman Gretch',1,0,1,92,'gdelaney','Gretchen Delaney','2015-09-13 09:02:12'),(134,'Richie Rich',1,0,1,93,'rbrennan','Richie Brennan','2015-09-13 11:48:32'),(135,'Gibbons',1,0,1,91,'lfitzgibbons','Luke Fitzgibbons','2015-09-20 12:57:52');
/*!40000 ALTER TABLE `kh_players` ENABLE KEYS */;
UNLOCK TABLES;

--
-- Table structure for table `kh_teams`
--

DROP TABLE IF EXISTS `kh_teams`;
/*!40101 SET @saved_cs_client     = @@character_set_client */;
/*!40101 SET character_set_client = utf8 */;
CREATE TABLE `kh_teams` (
  `id` int(11) NOT NULL AUTO_INCREMENT,
  `code` varchar(10) NOT NULL,
  `full_name` varchar(50) NOT NULL,
  `short_name` varchar(50) NOT NULL,
  `games_won` varchar(50) NOT NULL,
  `games_lost` varchar(50) NOT NULL,
  PRIMARY KEY (`id`)
) ENGINE=InnoDB AUTO_INCREMENT=33 DEFAULT CHARSET=utf8;
/*!40101 SET character_set_client = @saved_cs_client */;

--
-- Dumping data for table `kh_teams`
--

LOCK TABLES `kh_teams` WRITE;
/*!40000 ALTER TABLE `kh_teams` DISABLE KEYS */;
INSERT INTO `kh_teams` VALUES (1,'ARI','Arizona Cardinals','Arizona','9,22,44,73,105,109','60,80'),(2,'ATL','Atlanta Falcons','Atlanta','15,26,34,56,67,95','78,108,129'),(3,'BAL','Baltimore Ravens','Baltimore','49,113','13,29,37,70,89,105'),(4,'BUF','Buffalo Bills','Buffalo','5,45,72,124,133','23,52,82,93'),(5,'CAR','Carolina Panthers','Carolina','7,18,39,53,87,104,119,121',''),(6,'CHI','Chicago Bears','Chicago','55,65,132','2,22,46,83,112'),(7,'CIN','Cincinnati Bengals','Cincinnati','12,24,37,57,66,82,114,120',''),(8,'CLE','Cleveland Browns','Cleveland','25,70','4,36,58,84,99,109,120'),(9,'DAL','Dallas Cowboys','Dallas','14,30','34,62,74,103,117,131'),(10,'DEN','Denver Broncos','Denver','13,17,47,61,75,84,118','130'),(11,'DET','Detroit Lions','Detroit','83','10,21,47,63,73,97,107'),(12,'GB','Green Bay Packers','Green Bay','2,31,48,59,71,88','118,121'),(13,'HOU','Houston Texans','Houston','41,85,115','3,18,56,64,100'),(14,'IND','Indianapolis Colts','Indianapolis','35,51,64,130','5,32,90,96,119'),(15,'JAC','Jacksonville Jaguars','Jacksonville','28,93','7,38,51,68,85,126'),(16,'KC','Kansas City Chiefs','Kansas City','3,98,107','17,48,57,65,81'),(17,'MIA','Miami Dolphins','Miami','6,86,100','28,45,50,106,124'),(18,'MIN','Minnesota Vikings','Minnesota','21,42,81,97,112,125','16,61'),(19,'NYG','N.Y. Giants','N.Y. Giants','33,52,76,103,128','14,26,91,111'),(20,'NYJ','N.Y. Jets','N.Y. Jets','4,32,50,79,126','40,101,116,133'),(21,'NE','New England Patriots','New England','1,23,38,74,90,101,106,122',''),(22,'NO','New Orleans Saints','New Orleans','62,78,96,111','9,20,39,69,123'),(23,'OAK','Oakland Raiders','Oakland','29,36,102,116','12,55,75,127'),(24,'PHI','Philadelphia Eagles','Philadelphia','40,69,91,131','15,30,54,104'),(25,'PIT','Pittsburgh Steelers','Pittsburgh','19,43,77,80,127','1,49,98,114'),(26,'SD','San Diego Chargers','San Diego','10,58','24,42,77,88,102,113,132'),(27,'SF','San Francisco 49ers','San Francisco','16,89,129','19,44,59,76,92,110'),(28,'SEA','Seattle Seahawks','Seattle','46,63,92,117','8,31,66,87'),(29,'STL','St. Louis Rams','St. Louis','8,60,99,110','27,43,71,125'),(30,'TB','Tampa Bay Buccaneers','Tampa Bay','20,68,108','11,41,53,94,128'),(31,'TEN','Tennessee Titans','Tennessee','11,123','25,35,72,86,95,115'),(32,'WAS','Washington Redskins','Washington','27,54,94','6,33,67,79,122');
/*!40000 ALTER TABLE `kh_teams` ENABLE KEYS */;
UNLOCK TABLES;

--
-- Table structure for table `kh_user`
--

DROP TABLE IF EXISTS `kh_user`;
/*!40101 SET @saved_cs_client     = @@character_set_client */;
/*!40101 SET character_set_client = utf8 */;
CREATE TABLE `kh_user` (
  `id` int(11) NOT NULL AUTO_INCREMENT,
  `user_name` varchar(50) NOT NULL,
  `display_name` varchar(50) NOT NULL,
  `password` varchar(255) NOT NULL,
  `email` varchar(150) NOT NULL,
  `activation_token` varchar(225) NOT NULL,
  `last_activation_request` datetime NOT NULL,
  `lost_password_request` tinyint(1) NOT NULL DEFAULT '0',
  `lost_password_timestamp` datetime DEFAULT NULL,
  `active` tinyint(1) NOT NULL DEFAULT '1',
  `title` varchar(150) NOT NULL,
  `sign_up_stamp` datetime NOT NULL,
  `last_sign_in_stamp` datetime DEFAULT NULL,
  `enabled` tinyint(1) NOT NULL DEFAULT '1' COMMENT 'Specifies if the account is enabled.  Disabled accounts cannot be logged in to, but they retain all of their data and settings.',
  `primary_group_id` tinyint(1) NOT NULL DEFAULT '1' COMMENT 'Specifies the primary group for the user.',
  `payment_status` tinyint(1) NOT NULL DEFAULT '1',
  `locale` varchar(10) NOT NULL DEFAULT 'en_US' COMMENT 'The language and locale to use for this user.',
  PRIMARY KEY (`id`)
) ENGINE=InnoDB AUTO_INCREMENT=95 DEFAULT CHARSET=utf8;
/*!40101 SET character_set_client = @saved_cs_client */;

--
-- Dumping data for table `kh_user`
--

LOCK TABLES `kh_user` WRITE;
/*!40000 ALTER TABLE `kh_user` DISABLE KEYS */;
INSERT INTO `kh_user` VALUES (1,'admin','Keith Redo','$2y$10$THs6r/brkHxSvFLAK0ZUQOJaNedoy24fHUgMl4tfx9.atkipS06HC','kmredo@gmail.com','97a5766e4b81afe9d991703eb7359c83','2015-08-20 16:54:28',0,NULL,1,'New User','2015-08-20 16:54:28','2016-08-08 15:46:07',1,2,0,'en_US'),(2,'gkhandare','Ganesh','$2y$10$i/piNOH.321pvp/xxBbYcuKXHF6AbMEIA8eGMPheBvfgz.kApgqOq','ganeshkhandare@gmail.com','407389d7bc7977f505251f031527b585','2015-08-25 10:55:58',0,'2015-08-25 10:55:58',1,'New User','2015-08-21 17:46:14','2015-09-20 09:39:49',1,1,1,'en_US'),(5,'drewblue','DrewBlue','$2y$10$Q.dUZ4hD1DHRJD8BOYzIlOcleIYZFkm0lerktucxPr52sKt8vBXPa','agnewaj@hotmail.com','fe68c97f64b2ad68797454c2d7775f57','2015-09-03 10:47:39',0,'2015-09-03 10:47:39',1,'New User','2015-09-02 16:29:20','2015-09-21 13:24:13',1,1,1,'en_US'),(11,'george carrico','Ralph Caputo','$2y$10$3bCyWrvN2oRqcX3yPcrrLOUazQkArCTKg7ccgwzWSwOCybpgb3q9G','oenrattfan@aol.com','c32d8c00adcea409ac910361762e5770','2015-09-08 12:49:27',0,NULL,1,'New User','2015-09-08 12:49:27',NULL,1,1,1,'en_US'),(13,'paulmcfadden','Gene Candelora','$2y$10$MRmg3A7kFtEkuxnX0upgPOqwl9PU.aPWAxlo/t2.kHdZ2tVUxBdAK','1986mets15@gmail.com','1d25e2a0151b04942124ba55dcd685e9','2015-09-09 15:00:15',0,NULL,1,'New User','2015-09-09 15:00:15','2015-09-18 14:51:24',1,1,1,'en_US'),(14,'dannykeeshan','Danny Keeshan','$2y$10$hdS63.2cFl.TOkRm1bbsBuBMQKCGj3IUSZc4A3YLcvw1VWZUhBBHK','keesh5132@yahoo.com','448c94420b84a1e5e21ae9a1febb3164','2015-09-09 15:07:20',0,NULL,1,'New User','2015-09-09 15:07:20','2015-09-17 16:27:35',1,1,1,'en_US'),(15,'georgemcfadden','G String','$2y$10$baTIcHnpGquzutmvOMlVduOPocd.OA5Pl4qDT5PYutGewVhnMHBSu','gwaltermcfadden@yahoo.com','56a49f69f1d98eaf8e71032f2511724c','2015-09-09 15:36:22',0,NULL,1,'New User','2015-09-09 15:36:22',NULL,1,1,1,'en_US'),(16,'eileendename','Eileen DeName','$2y$10$FfcFllQozpDi9KscIkNSqOt5XvVsscLICiCglpU8zSJvD2bITokqq','dec2424@yahoo.com','1dc53883041f7ebc98f679d3e0fa1d41','2015-09-09 19:30:29',0,NULL,1,'New User','2015-09-09 19:30:29','2015-09-19 11:56:05',1,1,1,'en_US'),(17,'kritter','KMR v KMR','$2y$10$0Js5yZCx/pVCx98KXIwH/.30lvm/BY19Z4T/unJGp/iphpUzHIbZ.','kritter5@optonline.net','44e16bb7d0543d7e055ef69b593d03cf','2015-09-09 20:36:03',0,NULL,1,'New User','2015-09-09 20:36:03','2015-09-19 12:51:16',1,1,1,'en_US'),(18,'gritter','GRitter','$2y$10$Wj49uDe6RBPk4o7194mTiOS1.80bk2jj9rgAxyTdrvTes/Vh9YJM.','gritter5@optonline.net','e5fcad9cb411ae95d14c3f95af5a1402','2015-09-09 20:38:13',0,NULL,1,'New User','2015-09-09 20:38:13','2015-10-09 16:40:51',1,1,1,'en_US'),(19,'bdistefano','Bubbles','$2y$10$WPCE5BeQwoudDQWb6Ghq5O5aJzCzMY/KPOMKqSI1f8Xjvd.ZbSzhi','bridgedistefano@optonline.net','13cd7e8e451b596c35132f6306589e9d','2015-09-09 20:39:10',0,NULL,1,'New User','2015-09-09 20:39:10',NULL,1,1,1,'en_US'),(20,'dpembroke','Penelope','$2y$10$qh86B/RKxhU3i6m4vBqDY.gh3O0fSU3atAlZRaUj0AbBrS2fZ52sm','tinylittlebum@gmail.com','f2e6acd1035ad1c9de2f165d9abbe2ca','2015-09-09 20:40:11',0,NULL,1,'New User','2015-09-09 20:40:11','2015-09-12 13:56:23',1,1,1,'en_US'),(21,'anewman','ANewman','$2y$10$xwvr/D.UP3/4HNKBn3k4c.DGeijtJcmSWaMc8JpiUpnrGCceon2v.','nbamsg@yahoo.com','8232986a47717e569bad59c148e3adfa','2015-09-09 20:41:44',0,NULL,1,'New User','2015-09-09 20:41:44','2015-09-20 00:25:03',1,1,1,'en_US'),(22,'cdename','CDename','$2y$10$pWcY2bpjoeb4kKScM8yitesDwPHalieEmxBHqdRofX7Clm/cbFR7G','docsdaname2@aol.com','3e0dbea441451db28cc3dc8917da51d2','2015-09-09 20:42:33',0,NULL,1,'New User','2015-09-09 20:42:33','2015-09-20 09:07:15',1,1,1,'en_US'),(23,'bdelaney','BDelaney','$2y$10$gb8NyDFC0LFRQPA1WsjMfOlmieOLB1kyKLRvSRKlZtPN16a1Db5fe','dloosend@yahoo.com','e7d9f9f84c8ab91ba2bb4f8a40480703','2015-10-09 18:52:21',0,'2015-10-09 18:52:21',1,'New User','2015-09-09 20:44:31','2015-10-15 13:33:29',1,1,1,'en_US'),(24,'rhoffman','Hurricane Hoffman','$2y$10$MYgMT7Tv4WH2k1I23/EMTu1K6Ew19ZgeXiVZwb3j5qUa.nsmVDAqi','tvwxman@hotmail.com','51ab7f20c78ac09d6be3305611bc86bf','2015-09-09 20:47:14',0,NULL,1,'New User','2015-09-09 20:47:14','2015-09-20 11:22:03',1,1,1,'en_US'),(25,'tdelaney','TDelaney','$2y$10$4PNDl3pqAdtMRCm2GP.0S.eKtCMRLxNHMEm.IfAJ0wqW0BD4NKKkO','tdelaney1515@yahoo.com','449a4640dc30631f3b566a40700b58b2','2015-09-09 20:48:32',0,NULL,1,'New User','2015-09-09 20:48:32','2015-09-13 12:20:02',1,1,1,'en_US'),(26,'jmilano','Pest Control','$2y$10$QmG.R0l8jqygkA6PxytW3umVoefADHn3kH49kezch8eVmO7cjcuGa','jmilano7711@yahoo.com','6873a46ddb3a5e181f1805a5b72e4125','2015-09-09 20:50:34',0,NULL,1,'New User','2015-09-09 20:50:34','2015-09-19 20:10:17',1,1,1,'en_US'),(27,'fstanek','FStanek','$2y$10$GxB7YZflxkJj3J8NH1YsVexg9bl2sZNqFzU04ZebNNnietFB7XXZq','frank018isnow@rogers.com','c28ba51f63d46f32158f928461895a1a','2015-09-09 20:51:23',0,NULL,1,'New User','2015-09-09 20:51:23','2016-06-09 23:11:00',1,1,1,'en_US'),(28,'kkratz','KKratz','$2y$10$5ewvDc.Ep6hCDFNqU5ZB3uwC/GhA0cxeyYJ3Rz7FhCkPB/vYMrtb.','kkratz@bracalente.com','594ef0874d80185e17b43dbf735336ce','2015-09-09 20:52:38',0,NULL,1,'New User','2015-09-09 20:52:38','2015-09-18 16:23:06',1,1,1,'en_US'),(29,'jbauknecht','JBauk','$2y$10$ZwO3atndLsPXT2ChIUUufekJEvyMrxvMiE0nDvat.rkBk5yI3KaA2','jason_bauknecht@yahoo.com','ee15c6cce24722f6ebc974839694b1c1','2015-09-09 20:53:45',0,NULL,1,'New User','2015-09-09 20:53:45','2015-09-18 13:42:57',1,1,1,'en_US'),(30,'jdispigno','JDispigno','$2y$10$OSkEE5LwDq3qMSptgIpu9esWLfcLm/wDTcXVbqhOb2qSvKmncHrF2','kuch167@gmail.com','c5fb398401f75e5445924b2edbf33578','2015-09-09 20:54:46',0,NULL,1,'New User','2015-09-09 20:54:46','2015-10-08 15:53:02',1,1,1,'en_US'),(31,'mcarlton','MCarlton','$2y$10$PeRKHjmTpwIXSLFbUR/I9uvUH.jC3dDR8rNKN1JmGbQpDvpAxBChS','mikecarlton20@yahoo.com','a9965708da22e0836c3880006ece1d2d','2015-09-09 20:56:00',0,NULL,1,'New User','2015-09-09 20:56:00','2015-09-19 20:47:31',1,1,1,'en_US'),(32,'wfolken','WFolken','$2y$10$tz9F0Ly.O3avZusxhy/qLefKH2f5URibG32vcFTPUJPgcY.z6FsrK','fallking@aol.com','0795d3cb722363569851eca8bae64e5d','2015-09-09 20:58:45',0,NULL,1,'New User','2015-09-09 20:58:45','2015-09-18 08:31:30',1,1,1,'en_US'),(33,'ggasiewski','GGasiewski','$2y$10$4wcD0rtKe6n0QHLPIlYvheLAjjB1moeOLMRIVlcxIXS7qzheu.Slm','gadzook@optonline.net','e198fd94a864ae2b41ba023bb17f60b8','2015-09-09 20:59:43',0,NULL,1,'New User','2015-09-09 20:59:43','2015-09-18 13:27:26',1,1,1,'en_US'),(34,'kgasiewski','KGasiewski','$2y$10$CZ5eygED0kmgQUkbmNV7gu3HWQ0tcCnFraom2K1toOET/K6W7C6T.','kmghayes3@gmail.com','5e2dfb11017c443f437445bb975ae2b5','2015-09-09 21:00:27',0,NULL,1,'New User','2015-09-09 21:00:27','2015-09-18 13:29:16',1,1,1,'en_US'),(35,'sjakubisin','SJakubisin','$2y$10$/ai3LT8OGVkdTDjKYnhKROzkQCbyiANinchbOKqM7Ly5/u5FZIf7O','steve_jakubisin@deanfoods.com','d9625c3f0406deeb8c0fc9fba5b542a2','2015-09-13 18:40:44',1,'2015-09-13 18:40:44',1,'New User','2015-09-09 21:02:16','2015-10-25 19:43:09',1,1,1,'en_US'),(36,'sscorso','SScorso','$2y$10$lx9.lygG1sT8kvQR8ipQW./BmWGwCk4X7/fwUWOYQzPa9jbeby/nC','sscorso1@gmail.com','3c54f8bfd644da623d6fb8f9a745210d','2015-09-09 21:04:30',0,NULL,1,'New User','2015-09-09 21:04:30','2015-09-19 18:54:11',1,1,1,'en_US'),(37,'kmee','KMee','$2y$10$tXJn0eRxbZujbTplBh525.Bd7gKujsO2qcFVa0bsi.cF3YaQkX6su','koolkatkev73@aol.com','cace3929a4de8129f84d8bfa3911d9e5','2015-09-09 21:06:30',0,NULL,1,'New User','2015-09-09 21:06:30','2015-10-25 09:57:40',1,1,1,'en_US'),(38,'rfolken','RyanFolken','$2y$10$gwKsFMjFwcXVooNVWY9GZOfcVoUTpAeVvdvNSfvVYKCGUdx9sq/Ny','snbsportz247@aol.com','5a7ea1387f9b35f57aa4c2333a90a7b9','2015-09-09 21:11:02',0,NULL,1,'New User','2015-09-09 21:11:02','2015-09-18 23:42:18',1,1,1,'en_US'),(39,'pcarlucci','PCarlucci','$2y$10$IObpteIX4evR7b30P3Lkd.erhO4O9Ul1H36U1UUmtoC7fq84bZBZu','pcarlucci13@gmail.com','cc943384754849a00746802ef342a50e','2015-09-09 21:12:03',0,NULL,1,'New User','2015-09-09 21:12:03','2015-09-18 06:40:48',1,1,1,'en_US'),(40,'ablackman','ABlackman','$2y$10$YnXe8XlGxb76ZB6YcYDrIuOf3meFR5Pw7R1o2fjW8W2arBxPZwK7i','shamrockbacom@gmail.com','7639634fb76e811c9e68bdbd783a60b4','2015-09-09 21:20:05',0,NULL,1,'New User','2015-09-09 21:20:05','2015-09-19 21:10:12',1,1,1,'en_US'),(41,'garyb','Gary Bercarich','$2y$10$kqLKzTUD/lgZbE2QTqVmGe8lzGWjo/tFiRpzSj/DfVA0LuX7a19CO','garybhomeimprovements@gmail.com','47cb87c0f2cc9ca9f9418b308a3e9a36','2015-09-09 21:22:01',0,NULL,1,'New User','2015-09-09 21:22:01','2015-09-20 12:09:19',1,1,1,'en_US'),(42,'bhale','BHale','$2y$10$0SZwc3RXqEWhfkdFwxWU3.r7sZ0XmNM9AwKa8VDCUNoTOy/iDwmse','bryan.hale44@gmail.com','3b185a85f7897fb2d1db6afe7b75fd24','2015-09-09 21:42:56',0,NULL,1,'New User','2015-09-09 21:42:56','2015-09-19 20:48:22',1,1,1,'en_US'),(43,'rdyer','RDyer','$2y$10$.dadVq2xkdnvBOiAX8VUqumRRoG63ni2SpATvLeOvTp/dpGy4.BLq','rdyer21@yahoo.com','1a605691e5170a1ada22b5055d4e5903','2015-09-09 21:43:36',0,NULL,1,'New User','2015-09-09 21:43:36','2015-09-19 23:21:45',1,1,1,'en_US'),(44,'rkeeshan','RKeeshan','$2y$10$rfX5kNeV3qc0cncGzhsIXuMoF8joFHKN23dhHn1hqCkc9mqXSI.U.','keesh032@hotmail.com','18cf5183e4d43009f527af6c7b40119a','2015-09-09 21:44:28',0,NULL,1,'New User','2015-09-09 21:44:28','2015-09-19 22:57:57',1,1,1,'en_US'),(45,'rdesposito','RDesposito','$2y$10$pis9oXB4TyrwkEWGAGpXLOTrmvw53CW7EORJD4ii0pO0ikd5hmrnm','rdespoent@gmail.com','d7007b17602a35c4a10b270516ee27e7','2015-09-09 21:45:16',0,NULL,1,'New User','2015-09-09 21:45:16','2015-09-20 09:08:46',1,1,1,'en_US'),(46,'rdesjardins','Rdesjardins','$2y$10$loRRyevvUKH6R.T6FDiQJeUWehvh2P3i0cVQWRY1h9a6DceYFd.EG','rogerdog45@yahoo.com','f76f809fce7ba8f9244ed8568753bfb3','2015-09-09 21:48:36',0,NULL,1,'New User','2015-09-09 21:48:36','2015-09-20 07:43:49',1,1,1,'en_US'),(47,'pkeeshan','PKeeshan','$2y$10$TDsZkd703wCNLD/qJFefh.JJi3GKD4GwxLfvTE7BBG/a6UiWnASdO','keesh1127@yahoo.com','69f1b1b0dc31cce8ae5e770e2cd857dc','2015-09-09 21:49:28',0,NULL,1,'New User','2015-09-09 21:49:28','2015-09-20 12:02:52',1,1,1,'en_US'),(48,'bpetite','BPetite','$2y$10$5BPvBU9qcUGp86GT7lQ/VelFoFG59MIkrV1mfaB08zJlxxQ0s89qG','bryan_petite@yahoo.com','f1abf471c890340908eccde89f60bd34','2015-09-09 21:50:15',0,NULL,1,'New User','2015-09-09 21:50:15','2015-10-04 11:38:00',1,1,1,'en_US'),(49,'lmusillo','LMusillo','$2y$10$x.Sa52M3.xh3n7mCn8vW5.erL2Sqm1URriW3brLLBdYFknEQD7VtC','v8sryummy@yahoo.com','6d337c473b9ce4b74957752c9e19680b','2015-09-09 21:50:54',0,NULL,1,'New User','2015-09-09 21:50:54','2015-09-20 12:05:34',1,1,1,'en_US'),(50,'nmusillo','NMusillo','$2y$10$BG928h.DOzstVEzfubmG4u6faivHfolkq4ZKxP/GYqAmTQFbn7Cva','curtisss2828@yahoo.com','c0a6db20a876cfd2855ce9daab75e57c','2015-09-09 21:51:32',0,NULL,1,'New User','2015-09-09 21:51:32','2015-09-20 11:08:50',1,1,1,'en_US'),(51,'jdillonjr','JDillonjr','$2y$10$msIS90Lf83aukbWd3TOxN.s8.7BWafobHA9GE/DanY2WxJc.aeNiW','jeffpdillon@gmail.com','225dd330f95b72a8924439ecee938cda','2015-09-09 21:52:22',0,NULL,1,'New User','2015-09-09 21:52:22','2015-09-18 20:30:30',1,1,1,'en_US'),(52,'jdillonsr','JDillonsr','$2y$10$feoi.iNb1240vpPrxbtNEOkW6S0SOkQC1vdNLJCG0WdeV3Kpji.Sa','dillonjsd@optonline.net','5d018ba93a9ef86e1f57e6a64b118e9f','2015-09-09 21:53:13',0,NULL,1,'New User','2015-09-09 21:53:13','2015-09-18 10:44:49',1,1,1,'en_US'),(53,'vciolino','VCiolino','$2y$10$e4QmsptA.KJEHZhogG0mQ.f59o6CgNv2c7cNAM5TJwkMiFWnEUzDm','vinny@milaerosolutions.com','331cad6b4aa7be778035b0da63e831dd','2015-09-09 21:54:03',0,NULL,1,'New User','2015-09-09 21:54:03','2015-09-18 14:30:38',1,1,1,'en_US'),(54,'moleary','MOleary','$2y$10$uWVC8irTByi5I3orvHGBdO11KxeJutY/wC5cW4PZmbB7ATF2R0iOm','moleary0312@yahoo.com','16875c296390d016e68c5fc7a255faf9','2015-09-09 21:54:44',0,NULL,1,'New User','2015-09-09 21:54:44','2015-09-18 06:32:05',1,1,1,'en_US'),(55,'jpetite','JPetite','$2y$10$ZrWmSWYslS2XyHTKRJgzjuNHw.aMLb4LhFhj8Txp8XXdaaL9pm3he','jamesrpetite@yahoo.com','1956c7884360a1d8cbd9cc223e9e36ef','2015-09-09 21:56:12',0,NULL,1,'New User','2015-09-09 21:56:12','2015-09-10 00:48:52',1,1,1,'en_US'),(56,'bdename','BDename','$2y$10$jvI6Lcr9XqnuxTsOGU7EWOl/jnDaplRmb4XHAxt.NsaLyUa4fheAK','urout2323@aol.com','48deee6b2eef6337c3c0ec5026e48709','2015-09-09 22:08:03',0,NULL,1,'New User','2015-09-09 22:08:03','2015-09-19 21:07:34',1,1,1,'en_US'),(57,'nbekas','NBekas','$2y$10$e.JM2x5z4zneXdN3LlU0s.HS.aZRmt/9PMHfLn.iDrqgSQK4NSORy','nickbekas@gmail.com','8a507d88882cb5c6bd9fbc2ecd905bf4','2015-09-09 22:42:14',0,NULL,1,'New User','2015-09-09 22:42:14','2015-10-08 18:22:24',1,1,1,'en_US'),(58,'eugene','Eugene','$2y$10$5VkOQSMRbSDgBo6LYNU6m.FEY5pZkPN7.hmcS6IaF2uV5NZhewvMW','eugene@nys.com','8892333b54c30e08d4955f0233801650','2015-09-09 22:45:22',0,NULL,1,'New User','2015-09-09 22:45:22',NULL,1,1,1,'en_US'),(59,'aliechtung','Aliechtung','$2y$10$j87qZC9pZ2PmJXaqpbw.m.3/KouDjuYuJKLKIMcpU.G8wpOpv535m','aliechtung@yahoo.com','7a77789e6fafb03d3ce3323a7cc34cb2','2015-09-09 22:47:36',0,NULL,1,'New User','2015-09-09 22:47:36','2015-09-20 10:06:00',1,1,1,'en_US'),(60,'jlanaro','Joe Lanaro','$2y$10$E6AgrN6UMJi/JaJONxRvE.Z.NJ9vTYUHe2QKI/ZXrxgz2JH5f7DNe','joelanaro1@yahoo.com','45dbd7546e64bb6d6361d7ef54f14f5d','2015-09-09 23:35:09',0,NULL,1,'New User','2015-09-09 23:35:09','2015-09-17 12:22:23',1,1,1,'en_US'),(61,'sredo','Sandra Redo','$2y$10$A0YDqkVdu6m2keJY.bUo8uHn3Tcan8wJrQAOD/kb5XzVUGX.UArmy','espo2516@gmail.com','837c4c6f7704a1de51e64e15630c4b6b','2015-09-10 11:58:15',0,NULL,1,'New User','2015-09-10 11:58:15','2015-09-10 12:02:31',1,1,1,'en_US'),(62,'jalbanese','Joe Albanese','$2y$10$AxcDNm0oP4A11pfNKxTzvuErZ7plXC372b9O38IkAgtdZuqh25KvC','alba8468@yahoo.com','2a07d4a7256578d348f39da1b564e18b','2015-09-10 12:07:59',0,NULL,1,'New User','2015-09-10 12:07:59','2015-09-20 09:15:15',1,1,1,'en_US'),(63,'pbrennan','Pat Brennan','$2y$10$4Vugjx2m1q0/AboSBYVa0eQMa4zEToAGHg/KqZj2i.XHEcPW520di','ptanuki17@aol.com','3ff169c7edd4997b2b79b49f7a44f47d','2015-09-20 08:38:16',0,'2015-09-20 08:38:16',1,'New User','2015-09-10 12:20:34','2015-09-20 08:50:53',1,1,1,'en_US'),(65,'ssabella','Sean Sabella','$2y$10$g0ge1uQrnOnFXeZW0OiFwuSlzHkDgE69ogPIx6P9OVxhkNqDr178i','seansabella@gmail.com','1a8e7f73a83da1c73a896147db6c982a','2015-09-10 12:24:21',0,NULL,1,'New User','2015-09-10 12:24:21','2015-11-05 17:48:04',1,1,1,'en_US'),(66,'jweir','John Weir','$2y$10$js4bZXTCZlFlb.R0vZRi/.mRTzvmdDhPAVVvhcRVUczTDWI1ntIuK','twojocks31@aol.com','ef74f084fc1138b4ff581e4690da1238','2015-09-10 12:33:53',0,NULL,1,'New User','2015-09-10 12:33:53','2015-09-20 08:54:28',1,1,1,'en_US'),(67,'mtuccillo','Mike Tuccillo','$2y$10$PMpT9.kSs0.Nhzt307BW4e/BVi8REediGzujJbUXujnzS1DjbTMey','littlemike900@yahoo.com','5d102d455bee02797c383c0a92adfd8f','2015-09-10 12:40:03',0,NULL,1,'New User','2015-09-10 12:40:03','2015-09-20 12:23:59',1,1,1,'en_US'),(68,'dsimone','Danielle Simone','$2y$10$K2V7DZnp/ZeomDXGYn/Fr.hlAvIFw6xPkMJbw6nuA4dOiJopAXpAC','dls91810@gmail.com','bed86791c40acff5cd9cb46b9d9db9bb','2015-09-10 12:50:39',0,NULL,1,'New User','2015-09-10 12:50:39','2015-10-04 08:16:22',1,1,1,'en_US'),(69,'lsimone','Louis Simone','$2y$10$3zN9S5sCVFrVLU0oZ9yRPOs.QX1p3HLoi2AFNTbwToG5ZdIFk3pk2','lsimone17@gmail.com','19a3d27f749a503a857b3a834c559d2c','2015-09-10 12:51:28',0,NULL,1,'New User','2015-09-10 12:51:28','2015-09-20 08:12:06',1,1,1,'en_US'),(70,'kdortz','Kristin Dortz','$2y$10$cS1h9jQyBXUO9Qmp.hJQauwHflzPp9m6.a9GDJjEv8ibqNgyaRa06','kdortz@gmail.com','7769532ba163ace7bd7ca6da809839f7','2015-09-10 12:56:03',0,NULL,1,'New User','2015-09-10 12:56:03','2015-09-20 11:56:27',1,1,1,'en_US'),(71,'pcattabiani','Paul Cattabiani','$2y$10$HwDqREKL9naR4kgIriEROubczgUKZKh0l8faEOap7el98ajJrvjKm','Makemoves2424@gmail.com','5294f45f30e30a7f4ca2f8b3516fad73','2015-09-10 12:57:31',0,NULL,1,'New User','2015-09-10 12:57:31','2015-09-20 13:02:28',1,1,1,'en_US'),(72,'jhansen','Justin Hansen','$2y$10$rn8lGFpT3Ay.BsPM7dxaHu/PPUxKCPFsylwwxT7rH2xTfVNF8Di46','fencer04@gmail.com','4eaacd74becac7e3eb2c1989957c11e2','2015-09-10 13:11:09',0,NULL,1,'New User','2015-09-10 13:11:09','2015-09-18 13:58:10',1,1,1,'en_US'),(73,'jteta','James Teta','$2y$10$6MQ64TRZ0pCRrmICgyswQOUTtACnca7fTZ79M0MhSWP2jyu25sCPq','jteta6@yahoo.com','3094c854c8a87ad4b20d16214bf2438b','2015-09-20 12:17:56',0,'2015-09-20 12:17:56',1,'New User','2015-09-10 13:22:33','2015-09-20 12:19:07',1,1,1,'en_US'),(74,'rpinto','Ramiro Pinto','$2y$10$XNFkD4Vq.m2RFYyQSZCYhOE2aOP9Zj8r9Mf3WXOvrITaALNxhlejC','ramiropinto@hotmail.com','0a333ce2b964174b7c7f26a7697896d1','2015-09-10 13:24:30',0,NULL,1,'New User','2015-09-10 13:24:30','2015-09-19 20:05:58',1,1,1,'en_US'),(75,'jpaskalidis','John Paskalidis','$2y$10$zwgC67q6IRIEoDCq6vBFr.B0QL/TOIdf6xOvaC99NOAgrCxKvTKrS','thellomuni@gmail.com','a39c00318de47705f6e1ea9aae7f57cd','2015-09-10 13:27:26',0,NULL,1,'New User','2015-09-10 13:27:26','2015-09-19 22:52:08',1,1,1,'en_US'),(76,'sfish','Scott Fish','$2y$10$GF3Xd9ohpapWGIECt8WOt.ycFnykZG0.31ZnPvY9uJCBUb8GHyUD2','scottkatief@aol.com','8747642052777bb26f1a0ab39dbe715c','2015-09-10 13:29:25',0,NULL,1,'New User','2015-09-10 13:29:25','2015-09-20 08:15:13',1,1,1,'en_US'),(77,'pozzem451','Kevin/Scott','$2y$10$eH5gV1ulM/BW297ncm443u/ba3kaVJdjQcsePQ6/0Q4R5J3Bc7tcC','pozzem451@yahoo.com','23367786c6c3201bb26e05e5270f9055','2015-09-10 13:32:11',0,NULL,1,'New User','2015-09-10 13:32:11','2015-09-20 11:31:24',1,1,1,'en_US'),(78,'jdecatur','Jon Decatur','$2y$10$zxho3RFXR6nw2J.pyVKBwOo2gc9Vcaq3Agc2bcUzOjpK5HJOywsJC','jdecatur@sgu.edu','04d743dffe0d246fbe72d4ea7f18ded6','2015-09-10 13:36:15',0,NULL,1,'New User','2015-09-10 13:36:15','2015-10-03 22:24:45',1,1,1,'en_US'),(79,'kfarchione','Kelly Farchione','$2y$10$1NGJf9VPNbrWaTY0aaok.OwWkW0MILRo9235OI7QhHkRnAxGZieti','kellyfarchione@gmail.com','446cf6a4801a86824d3d111330e08f4d','2015-09-10 13:39:55',0,NULL,1,'New User','2015-09-10 13:39:55','2015-10-24 14:33:39',1,1,1,'en_US'),(80,'mpacanovsky','Mpacanovsky','$2y$10$t7MT96sk/X7hM2roUPST0.IPzg6fFq2UYLneCeLFoE1zy3QK6nqaK','mpacanovsky@hotmail.com','7721dc4fc1cf653ee9e321e669937636','2015-09-10 13:42:21',0,NULL,1,'New User','2015-09-10 13:42:21','2015-09-11 15:13:00',1,1,1,'en_US'),(81,'tchristian','Traci Christian','$2y$10$q5J3kM./8V0olZozClOtMe/zvA.jVAPax6H.d1MyXx/CqgpbLmG.2','2rightur@gmail.com','54ab8ec1d6493fa72c61d5dc1b3cd654','2015-09-10 13:46:56',0,NULL,1,'New User','2015-09-10 13:46:56','2015-09-20 12:31:51',1,1,1,'en_US'),(82,'jcandelora','Jeanine Candelora','$2y$10$162h4HJz74VgDLIoV6D0qOhIfJ8rmfpNXSPSglSa8kaQZxbzdLvfC','j_candelora@gmail.com','724d474edb23f1915f8d9080e3478c3a','2015-09-10 13:50:17',0,NULL,1,'New User','2015-09-10 13:50:17',NULL,1,1,1,'en_US'),(83,'kredo','Keith Redo','$2y$10$J6EPSQQEIT9epw8xksH8B.qiNszIKqE0nh.HNBd2DZ7UrWz4FJewy','kredo@molloy.edu','fcfe04fc4dac0c0ffcc46101cfc73fb1','2015-09-10 14:19:15',0,NULL,1,'New User','2015-09-10 14:19:15','2015-09-16 15:52:45',1,1,1,'en_US'),(84,'estratford','Ed Stratford','$2y$10$/Gs/IW/O4Sjb73niyZZ1t.0sHzLxKH/JlLdl6Xrbo1eM4gezi6cT.','dlphnsfn1962@aol.com','d424f998319662fbb9fa63944351572d','2015-09-10 18:37:15',0,NULL,1,'New User','2015-09-10 18:37:15','2015-09-20 10:59:25',1,1,1,'en_US'),(85,'bburrows','Brendan Burrows','$2y$10$Bt9.6ZuFWU5i3cd3PbkaJ.uz8y9lW0XbfIitdDNxEubN3MXvukqHu','bburrows724@gmail.com','1bd9ece3fd3bd3e895ff2653c4a1e1b3','2015-09-10 21:08:23',0,NULL,1,'New User','2015-09-10 21:08:23','2015-09-20 15:21:27',1,1,1,'en_US'),(86,'jmcneilly','John McNeilly','$2y$10$lwzGrv3RGx./QkeDS8ME9OwxmlE6/ghPMN/qUvhGb3S1qgTV4cQY2','johndmcneilly@yahoo.com','4c9df0e0bcd10e551006e3f8f2eeecca','2015-09-11 14:35:58',0,NULL,1,'New User','2015-09-11 14:35:58','2015-09-20 12:20:54',1,1,1,'en_US'),(87,'mdemling','Mike Demling','$2y$10$IujU4z0J/ayKOULV/N6ad.g4dj94yldadIqg4aN7k2ZxbjIS5jLjS','mikedny78@hotmail.com','e321d12a27806eef2be7d6c63a45f1aa','2015-09-11 14:57:37',0,NULL,1,'New User','2015-09-11 14:57:37','2015-09-20 12:11:13',1,1,1,'en_US'),(89,'jruth','Justin Ruth','$2y$10$MyjwFtPbQUSdKCNjnvnxNep9Re5f0UGqdhGpq6CpvAJgwGGI1CTbq','jruth_psu@hotmail.com','d62fff058dfc6d4722a904f90168bd4d','2015-09-11 15:41:00',0,NULL,1,'New User','2015-09-11 15:41:00','2015-09-11 15:53:06',1,1,1,'en_US'),(90,'jrieff','Jordan Rieff','$2y$10$Mf8eICTly5kd87//lsEwOOgwvkAoJUrUJJzxsiouC.7TLv4QGhqL2','jordanr114@optonline.net','db0919931efb0450d2217f7ea23186dd','2015-09-11 20:28:59',0,NULL,1,'New User','2015-09-11 20:28:59','2015-09-18 18:13:47',1,1,1,'en_US'),(91,'lfitzgibbons','Luke Fitzgibbons','$2y$10$L5bcw.cw5YnyYJgz9.HLxuVqDfwcR/zgTamYVBczLKzDTNL2I9s4G','LFITZVS@aol.com','5ec7d603ea2908c5a55b09c4c566f43d','2015-09-12 11:57:39',0,NULL,1,'New User','2015-09-12 11:57:39','2015-09-20 12:47:34',1,1,1,'en_US'),(92,'gdelaney','Gretchen Delaney','$2y$10$C9znNike0oBbNcjUPGKO3es1E163xqB65aCdMF1EZ8moxLS4bYxz6','gdelaney6@yahoo.com','832a23b4c9a56f3ac9b8796b91072973','2015-09-13 09:01:23',0,NULL,1,'New User','2015-09-13 09:01:23','2015-09-20 10:33:21',1,1,1,'en_US'),(93,'rbrennan','Richie Brennan','$2y$10$JcHN5aLR0C00b1Akr3NJeeUVQNSC6wrP4zdA/cPFeZa5JX4NO5AE.','rslpjb@hofstra.edu','d4d9d366e03e5be56a2ec72fe7ed218c','2015-09-13 11:47:51',0,NULL,1,'New User','2015-09-13 11:47:51','2015-09-20 08:47:58',1,1,1,'en_US'),(94,'jwick0418000','Jordan','$2y$10$EgvgV1sEtCPH3zhhn4X57eVVHcxSxV01exOZWEr0hKHC0zvbdeUse','jwick041800@outlook.com','3d6acddb568102386786f2627d001e28','2015-10-29 21:07:28',0,NULL,1,'New User','2015-10-29 21:07:28','2015-10-29 21:08:43',1,1,1,'en_US');
/*!40000 ALTER TABLE `kh_user` ENABLE KEYS */;
UNLOCK TABLES;

--
-- Table structure for table `kh_weeks`
--

DROP TABLE IF EXISTS `kh_weeks`;
/*!40101 SET @saved_cs_client     = @@character_set_client */;
/*!40101 SET character_set_client = utf8 */;
CREATE TABLE `kh_weeks` (
  `id` int(11) NOT NULL AUTO_INCREMENT,
  `week_number` int(11) NOT NULL,
  `start_date` date NOT NULL,
  `bye_teams` varchar(50) NOT NULL,
  PRIMARY KEY (`id`)
) ENGINE=InnoDB AUTO_INCREMENT=18 DEFAULT CHARSET=utf8;
/*!40101 SET character_set_client = @saved_cs_client */;

--
-- Dumping data for table `kh_weeks`
--

LOCK TABLES `kh_weeks` WRITE;
/*!40000 ALTER TABLE `kh_weeks` DISABLE KEYS */;
INSERT INTO `kh_weeks` VALUES (1,1,'2015-09-10',''),(2,2,'2015-09-17',''),(3,3,'2015-09-24',''),(4,4,'2015-10-01','NE,TEN,'),(5,5,'2015-10-08','CAR,MIA,MIN,NYJ,'),(6,6,'2015-10-15','TB,STL,OAK,DAL,'),(7,7,'2015-10-22','CHI,CIN,DEN,GB,'),(8,8,'2015-10-29','WAS,PHI,JAC,BUF,'),(9,9,'2015-11-05','SEA,KC,HOU,DET,BAL,ARI,'),(10,10,'2015-11-12','SF,SD,IND,ATL,'),(11,11,'2015-11-19','CLE,NO,NYG,PIT,'),(12,12,'2015-11-26',''),(13,13,'2015-12-03',''),(14,14,'2015-12-10',''),(15,15,'2015-12-17',''),(16,16,'2015-12-24',''),(17,17,'2016-01-03','');
/*!40000 ALTER TABLE `kh_weeks` ENABLE KEYS */;
UNLOCK TABLES;
/*!40103 SET TIME_ZONE=@OLD_TIME_ZONE */;

/*!40101 SET SQL_MODE=@OLD_SQL_MODE */;
/*!40014 SET FOREIGN_KEY_CHECKS=@OLD_FOREIGN_KEY_CHECKS */;
/*!40014 SET UNIQUE_CHECKS=@OLD_UNIQUE_CHECKS */;
/*!40101 SET CHARACTER_SET_CLIENT=@OLD_CHARACTER_SET_CLIENT */;
/*!40101 SET CHARACTER_SET_RESULTS=@OLD_CHARACTER_SET_RESULTS */;
/*!40101 SET COLLATION_CONNECTION=@OLD_COLLATION_CONNECTION */;
/*!40111 SET SQL_NOTES=@OLD_SQL_NOTES */;

-- Dump completed on 2016-08-08 15:45:12
